analysis_type,cluster,comparison,group_label,predictor,dependent_variables,statistic,value,num_df,den_df,f_value,p_value
within_agent_conditions,adaptive,DB,condition,condition,healthy_friendliness|protective_behavior|hopefulness|community_trusting_vulnerability|willingness_to_flee,Wilks' lambda,0.1488464034093219,10.0,4386.0,698.2402847741919,0.0
within_agent_conditions,adaptive,DB,condition,condition,healthy_friendliness|protective_behavior|hopefulness|community_trusting_vulnerability|willingness_to_flee,Pillai's trace,0.8559768727579012,10.0,4388.0,328.31735899573454,0.0
within_agent_conditions,adaptive,DB,condition,condition,healthy_friendliness|protective_behavior|hopefulness|community_trusting_vulnerability|willingness_to_flee,Hotelling-Lawley trace,5.685930603886203,10.0,3286.7511972633934,1246.5459230175225,0.0
within_agent_conditions,adaptive,DB,condition,condition,healthy_friendliness|protective_behavior|hopefulness|community_trusting_vulnerability|willingness_to_flee,Roy's greatest root,5.680225833339001,5.0,2194.0,2492.483095669154,0.0
within_agent_conditions,maladaptive,DB,condition,condition,fearful_withdrawn_relationship|bully_behavior|aggressive_withdrawn_relationship|dangerous_trust|cynical|learned_helplessness,Wilks' lambda,0.12766377389493846,12.0,4384.0,657.1481694810034,0.0
within_agent_conditions,maladaptive,DB,condition,condition,fearful_withdrawn_relationship|bully_behavior|aggressive_withdrawn_relationship|dangerous_trust|cynical|learned_helplessness,Pillai's trace,0.8785886168810331,12.0,4386.0,286.35712487319256,0.0
within_agent_conditions,maladaptive,DB,condition,condition,fearful_withdrawn_relationship|bully_behavior|aggressive_withdrawn_relationship|dangerous_trust|cynical|learned_helplessness,Hotelling-Lawley trace,6.784100210305847,12.0,3406.6927600891213,1238.8255776698209,0.0
within_agent_conditions,maladaptive,DB,condition,condition,fearful_withdrawn_relationship|bully_behavior|aggressive_withdrawn_relationship|dangerous_trust|cynical|learned_helplessness,Roy's greatest root,6.776873359897835,6.0,2193.0,2476.947213042659,0.0
within_agent_conditions,adaptive,NB,condition,condition,healthy_friendliness|protective_behavior|hopefulness|community_trusting_vulnerability|willingness_to_flee,Wilks' lambda,0.23856789524183444,10.0,2386.0,249.89985576107793,0.0
within_agent_conditions,adaptive,NB,condition,condition,healthy_friendliness|protective_behavior|hopefulness|community_trusting_vulnerability|willingness_to_flee,Pillai's trace,0.7944475802781213,10.0,2388.0,157.36692910805365,6.857661453539143e-254
within_agent_conditions,adaptive,NB,condition,condition,healthy_friendliness|protective_behavior|hopefulness|community_trusting_vulnerability|willingness_to_flee,Hotelling-Lawley trace,3.0532885764021995,10.0,1786.752201257863,364.0541732690162,0.0
within_agent_conditions,adaptive,NB,condition,condition,healthy_friendliness|protective_behavior|hopefulness|community_trusting_vulnerability|willingness_to_flee,Roy's greatest root,3.0072700046954792,5.0,1194.0,718.1360771212804,0.0
within_agent_conditions,maladaptive,NB,condition,condition,fearful_withdrawn_relationship|bully_behavior|aggressive_withdrawn_relationship|dangerous_trust|cynical,Wilks' lambda,0.27686767545639523,10.0,2386.0,214.8551222923398,0.0
within_agent_conditions,maladaptive,NB,condition,condition,fearful_withdrawn_relationship|bully_behavior|aggressive_withdrawn_relationship|dangerous_trust|cynical,Pillai's trace,0.7425768607397344,10.0,2388.0,141.02440841749512,3.662550930605662e-232
within_agent_conditions,maladaptive,NB,condition,condition,fearful_withdrawn_relationship|bully_behavior|aggressive_withdrawn_relationship|dangerous_trust|cynical,Hotelling-Lawley trace,2.541603266569488,10.0,1786.752201257863,303.04416134785345,0.0
within_agent_conditions,maladaptive,NB,condition,condition,fearful_withdrawn_relationship|bully_behavior|aggressive_withdrawn_relationship|dangerous_trust|cynical,Roy's greatest root,2.5136637978432512,5.0,1194.0,600.2629149249684,0.0
within_condition_agents,adaptive,No ACE,agent_type,agent_type,healthy_friendliness|protective_behavior|hopefulness|community_trusting_vulnerability|willingness_to_flee,Wilks' lambda,0.3661834289754613,5.0,794.0,274.8624419196247,1.8572344789477863e-170
within_condition_agents,adaptive,No ACE,agent_type,agent_type,healthy_friendliness|protective_behavior|hopefulness|community_trusting_vulnerability|willingness_to_flee,Pillai's trace,0.6338165710245387,5.0,794.0,274.86244191962476,1.8572344789477296e-170
within_condition_agents,adaptive,No ACE,agent_type,agent_type,healthy_friendliness|protective_behavior|hopefulness|community_trusting_vulnerability|willingness_to_flee,Hotelling-Lawley trace,1.730871800501415,5.0,793.9999999999958,274.8624419196247,1.8572344789493193e-170
within_condition_agents,adaptive,No ACE,agent_type,agent_type,healthy_friendliness|protective_behavior|hopefulness|community_trusting_vulnerability|willingness_to_flee,Roy's greatest root,1.730871800501415,5.0,794.0,274.8624419196247,1.8572344789477863e-170
within_condition_agents,maladaptive,No ACE,agent_type,agent_type,fearful_withdrawn_relationship|bully_behavior|aggressive_withdrawn_relationship|dangerous_trust|cynical,Wilks' lambda,0.2841523020962491,5.0,794.0,400.0552294966475,4.161939689236038e-214
within_condition_agents,maladaptive,No ACE,agent_type,agent_type,fearful_withdrawn_relationship|bully_behavior|aggressive_withdrawn_relationship|dangerous_trust|cynical,Pillai's trace,0.7158476979037509,5.0,794.0,400.05522949664754,4.161939689235768e-214
within_condition_agents,maladaptive,No ACE,agent_type,agent_type,fearful_withdrawn_relationship|bully_behavior|aggressive_withdrawn_relationship|dangerous_trust|cynical,Hotelling-Lawley trace,2.519239480457478,5.0,793.9999999999958,400.05522949664754,4.1619396892404384e-214
within_condition_agents,maladaptive,No ACE,agent_type,agent_type,fearful_withdrawn_relationship|bully_behavior|aggressive_withdrawn_relationship|dangerous_trust|cynical,Roy's greatest root,2.519239480457478,5.0,794.0,400.05522949664754,4.161939689235768e-214
within_condition_agents,adaptive,Moderate adversity,agent_type,agent_type,healthy_friendliness|protective_behavior|hopefulness|community_trusting_vulnerability|willingness_to_flee,Wilks' lambda,0.3161489926007476,5.0,794.0,343.4948157881446,9.701557992622247e-196
within_condition_agents,adaptive,Moderate adversity,agent_type,agent_type,healthy_friendliness|protective_behavior|hopefulness|community_trusting_vulnerability|willingness_to_flee,Pillai's trace,0.6838510073992524,5.0,794.0,343.49481578814465,9.701557992621684e-196
within_condition_agents,adaptive,Moderate adversity,agent_type,agent_type,healthy_friendliness|protective_behavior|hopefulness|community_trusting_vulnerability|willingness_to_flee,Hotelling-Lawley trace,2.1630655906054446,5.0,793.9999999999958,343.4948157881446,9.70155799263205e-196
within_condition_agents,adaptive,Moderate adversity,agent_type,agent_type,healthy_friendliness|protective_behavior|hopefulness|community_trusting_vulnerability|willingness_to_flee,Roy's greatest root,2.1630655906054446,5.0,794.0,343.49481578814465,9.701557992621684e-196
within_condition_agents,maladaptive,Moderate adversity,agent_type,agent_type,fearful_withdrawn_relationship|bully_behavior|aggressive_withdrawn_relationship|dangerous_trust|cynical,Wilks' lambda,0.2333575689682419,5.0,794.0,521.7007469957464,5.1129991278598265e-248
within_condition_agents,maladaptive,Moderate adversity,agent_type,agent_type,fearful_withdrawn_relationship|bully_behavior|aggressive_withdrawn_relationship|dangerous_trust|cynical,Pillai's trace,0.7666424310317581,5.0,794.0,521.7007469957464,5.1129991278598265e-248
within_condition_agents,maladaptive,Moderate adversity,agent_type,agent_type,fearful_withdrawn_relationship|bully_behavior|aggressive_withdrawn_relationship|dangerous_trust|cynical,Hotelling-Lawley trace,3.285269187630645,5.0,793.9999999999958,521.7007469957464,5.112999127866855e-248
within_condition_agents,maladaptive,Moderate adversity,agent_type,agent_type,fearful_withdrawn_relationship|bully_behavior|aggressive_withdrawn_relationship|dangerous_trust|cynical,Roy's greatest root,3.285269187630645,5.0,794.0,521.7007469957464,5.1129991278598265e-248
within_condition_agents,adaptive,ACE,agent_type,agent_type,healthy_friendliness|protective_behavior|hopefulness|community_trusting_vulnerability|willingness_to_flee,Wilks' lambda,0.11755055645919676,5.0,1794.0,2693.503713462589,0.0
within_condition_agents,adaptive,ACE,agent_type,agent_type,healthy_friendliness|protective_behavior|hopefulness|community_trusting_vulnerability|willingness_to_flee,Pillai's trace,0.8824494435408032,5.0,1794.0,2693.503713462589,0.0
within_condition_agents,adaptive,ACE,agent_type,agent_type,healthy_friendliness|protective_behavior|hopefulness|community_trusting_vulnerability|willingness_to_flee,Hotelling-Lawley trace,7.506978019683916,5.0,1793.9999999999638,2693.5037134625895,0.0
within_condition_agents,adaptive,ACE,agent_type,agent_type,healthy_friendliness|protective_behavior|hopefulness|community_trusting_vulnerability|willingness_to_flee,Roy's greatest root,7.506978019683916,5.0,1794.0,2693.503713462589,0.0
within_condition_agents,maladaptive,ACE,agent_type,agent_type,fearful_withdrawn_relationship|bully_behavior|aggressive_withdrawn_relationship|dangerous_trust|cynical|learned_helplessness,Wilks' lambda,0.2701567224670913,6.0,1793.0,807.3147225224125,0.0
within_condition_agents,maladaptive,ACE,agent_type,agent_type,fearful_withdrawn_relationship|bully_behavior|aggressive_withdrawn_relationship|dangerous_trust|cynical|learned_helplessness,Pillai's trace,0.7298432775329087,6.0,1793.0,807.3147225224124,0.0
within_condition_agents,maladaptive,ACE,agent_type,agent_type,fearful_withdrawn_relationship|bully_behavior|aggressive_withdrawn_relationship|dangerous_trust|cynical|learned_helplessness,Hotelling-Lawley trace,2.701555122774386,6.0,1793.0000000000325,807.3147225224125,0.0
within_condition_agents,maladaptive,ACE,agent_type,agent_type,fearful_withdrawn_relationship|bully_behavior|aggressive_withdrawn_relationship|dangerous_trust|cynical|learned_helplessness,Roy's greatest root,2.701555122774386,6.0,1793.0,807.3147225224124,0.0
