cry,flee,d,dominance_ratio,cry_dominant,flee_dominant,dominance_state
0,321,-321,-0.9999999999688474,,321.0,flee_dominant
56,194,-138,-0.5519999999779199,,194.0,flee_dominant
131,97,34,0.1491228070110034,131.0,,cry_dominant
185,10,175,0.8974358973898751,185.0,,cry_dominant
11,334,-323,-0.9362318840308338,,334.0,flee_dominant
28,312,-284,-0.8352941176224913,,312.0,flee_dominant
8,332,-324,-0.9529411764425605,,332.0,flee_dominant
11,323,-312,-0.9341317364989781,,323.0,flee_dominant
170,17,153,0.8181818181380651,170.0,,cry_dominant
15,314,-299,-0.90881458963803,,314.0,flee_dominant
16,338,-322,-0.9096045197483162,,338.0,flee_dominant
13,345,-332,-0.9273743016500733,,345.0,flee_dominant
11,316,-305,-0.9327217125097027,,316.0,flee_dominant
1,334,-333,-0.9940298507165961,,334.0,flee_dominant
13,342,-329,-0.9267605633541758,,342.0,flee_dominant
18,363,-345,-0.9055118109998553,,363.0,flee_dominant
8,324,-316,-0.9518072288869938,,324.0,flee_dominant
18,320,-302,-0.8934911242339204,,320.0,flee_dominant
139,63,76,0.3762376237437506,139.0,,cry_dominant
14,328,-314,-0.9181286549439144,,328.0,flee_dominant
41,284,-243,-0.7476923076693017,,284.0,flee_dominant
10,314,-304,-0.9382716049093126,,314.0,flee_dominant
12,322,-310,-0.9281437125470615,,322.0,flee_dominant
12,345,-333,-0.9327731092175694,,345.0,flee_dominant
35,288,-253,-0.7832817337218798,,288.0,flee_dominant
45,237,-192,-0.6808510638056435,,237.0,flee_dominant
162,38,124,0.619999999969,162.0,,cry_dominant
166,6,160,0.9302325580854516,166.0,,cry_dominant
13,320,-307,-0.9219219218942366,,320.0,flee_dominant
15,338,-323,-0.9150141642800279,,338.0,flee_dominant
19,320,-301,-0.887905604693572,,320.0,flee_dominant
9,350,-341,-0.9498607242075248,,350.0,flee_dominant
3,315,-312,-0.9811320754408449,,315.0,flee_dominant
7,317,-310,-0.9567901234272596,,317.0,flee_dominant
8,352,-344,-0.9555555555290123,,352.0,flee_dominant
8,325,-317,-0.9519519519233648,,325.0,flee_dominant
40,274,-234,-0.7452229299125726,,274.0,flee_dominant
190,8,182,0.9191919191454954,190.0,,cry_dominant
8,324,-316,-0.9518072288869938,,324.0,flee_dominant
21,320,-299,-0.8768328445490665,,320.0,flee_dominant
23,327,-304,-0.8685714285466122,,327.0,flee_dominant
10,348,-338,-0.944134078185918,,348.0,flee_dominant
13,328,-315,-0.92375366566206,,328.0,flee_dominant
16,296,-280,-0.8974358974071335,,296.0,flee_dominant
118,129,-11,-0.044534412953662575,,,indeterminate
8,327,-319,-0.9522388059417242,,327.0,flee_dominant
92,155,-63,-0.25506072873461294,,155.0,flee_dominant
13,354,-341,-0.9291553133261811,,354.0,flee_dominant
3,355,-352,-0.9832402234362223,,355.0,flee_dominant
25,300,-275,-0.8461538461278106,,300.0,flee_dominant
13,374,-361,-0.9328165374435965,,374.0,flee_dominant
8,310,-302,-0.9496855345613306,,310.0,flee_dominant
9,345,-336,-0.9491525423460692,,345.0,flee_dominant
91,180,-89,-0.32841328412072274,,180.0,flee_dominant
148,61,87,0.41626794256381494,148.0,,cry_dominant
6,370,-364,-0.9680851063572318,,370.0,flee_dominant
6,321,-315,-0.9633027522641192,,321.0,flee_dominant
160,24,136,0.7391304347424386,160.0,,cry_dominant
17,326,-309,-0.9008746355422486,,326.0,flee_dominant
8,323,-315,-0.9516616313911884,,323.0,flee_dominant
34,291,-257,-0.7907692307448994,,291.0,flee_dominant
34,308,-274,-0.8011695906198488,,308.0,flee_dominant
12,341,-329,-0.9320113314183566,,341.0,flee_dominant
37,279,-242,-0.7658227847858917,,279.0,flee_dominant
16,341,-325,-0.9103641456327629,,341.0,flee_dominant
14,287,-273,-0.9069767441559143,,287.0,flee_dominant
153,42,111,0.5692307692015779,153.0,,cry_dominant
150,64,86,0.40186915885972574,150.0,,cry_dominant
16,309,-293,-0.9015384615107219,,309.0,flee_dominant
0,372,-372,-0.9999999999731183,,372.0,flee_dominant
172,13,159,0.8594594594130022,172.0,,cry_dominant
24,299,-275,-0.8513931888281302,,299.0,flee_dominant
114,98,16,0.07547169810964756,,,indeterminate
11,362,-351,-0.9410187667308038,,362.0,flee_dominant
7,377,-370,-0.9635416666415744,,377.0,flee_dominant
80,171,-91,-0.36254980078236854,,171.0,flee_dominant
156,54,102,0.48571428569115643,156.0,,cry_dominant
151,11,140,0.8641975308108519,151.0,,cry_dominant
162,20,142,0.780219780176911,162.0,,cry_dominant
9,377,-368,-0.9533678756229698,,377.0,flee_dominant
144,33,111,0.6271186440323662,144.0,,cry_dominant
15,354,-339,-0.918699186966973,,354.0,flee_dominant
4,343,-339,-0.9769452449286182,,343.0,flee_dominant
31,307,-276,-0.8165680473131193,,307.0,flee_dominant
146,27,119,0.6878612716365398,146.0,,cry_dominant
15,321,-306,-0.910714285687181,,321.0,flee_dominant
48,217,-169,-0.6377358490325382,,217.0,flee_dominant
166,24,142,0.7473684210132964,166.0,,cry_dominant
6,338,-332,-0.9651162790417117,,338.0,flee_dominant
12,313,-301,-0.9261538461253491,,313.0,flee_dominant
11,343,-332,-0.9378531073181398,,343.0,flee_dominant
88,150,-62,-0.2605042016697267,,150.0,flee_dominant
19,307,-288,-0.8834355827949866,,307.0,flee_dominant
27,329,-302,-0.848314606717744,,329.0,flee_dominant
24,306,-282,-0.8545454545195592,,306.0,flee_dominant
0,345,-345,-0.9999999999710145,,345.0,flee_dominant
18,314,-296,-0.8915662650333865,,314.0,flee_dominant
8,327,-319,-0.9522388059417242,,327.0,flee_dominant
123,91,32,0.14953271027338633,123.0,,cry_dominant
9,350,-341,-0.9498607242075248,,350.0,flee_dominant
6,331,-325,-0.9643916913660417,,331.0,flee_dominant
6,323,-317,-0.9635258358369748,,323.0,flee_dominant
168,43,125,0.5924170615832978,168.0,,cry_dominant
4,351,-347,-0.9774647887048601,,351.0,flee_dominant
23,302,-279,-0.8584615384351243,,302.0,flee_dominant
15,304,-289,-0.9059561128242647,,304.0,flee_dominant
15,358,-343,-0.9195710455517541,,358.0,flee_dominant
151,43,108,0.5567010308991391,151.0,,cry_dominant
9,309,-300,-0.9433962263854277,,309.0,flee_dominant
153,49,104,0.5148514851230271,153.0,,cry_dominant
15,343,-328,-0.9162011172928435,,343.0,flee_dominant
14,376,-362,-0.928205128181328,,376.0,flee_dominant
8,360,-352,-0.9565217391044423,,360.0,flee_dominant
11,339,-328,-0.9371428571160816,,339.0,flee_dominant
9,321,-312,-0.9454545454258952,,321.0,flee_dominant
163,11,152,0.8735632183405998,163.0,,cry_dominant
26,282,-256,-0.8311688311418451,,282.0,flee_dominant
30,331,-301,-0.8337950138273187,,331.0,flee_dominant
5,338,-333,-0.9708454810212581,,338.0,flee_dominant
173,12,161,0.8702702702232286,173.0,,cry_dominant
20,321,-301,-0.8826979471881906,,321.0,flee_dominant
9,342,-333,-0.9487179486909197,,342.0,flee_dominant
10,315,-305,-0.9384615384326627,,315.0,flee_dominant
173,27,146,0.7299999999635,173.0,,cry_dominant
135,68,67,0.3300492610674852,135.0,,cry_dominant
16,354,-338,-0.9135135134888239,,354.0,flee_dominant
18,317,-299,-0.8925373134061929,,317.0,flee_dominant
10,323,-313,-0.9399399399117135,,323.0,flee_dominant
15,338,-323,-0.9150141642800279,,338.0,flee_dominant
17,333,-316,-0.9028571428313469,,333.0,flee_dominant
5,340,-335,-0.9710144927254778,,340.0,flee_dominant
22,325,-303,-0.8731988472370836,,325.0,flee_dominant
179,14,165,0.8549222797484496,179.0,,cry_dominant
30,308,-278,-0.8224852070762578,,308.0,flee_dominant
70,195,-125,-0.47169811318974725,,195.0,flee_dominant
164,4,160,0.952380952324263,164.0,,cry_dominant
6,307,-301,-0.9616613418223111,,307.0,flee_dominant
162,11,151,0.8728323698917437,162.0,,cry_dominant
6,328,-322,-0.9640718562585607,,328.0,flee_dominant
89,146,-57,-0.24255319147904028,,146.0,flee_dominant
8,323,-315,-0.9516616313911884,,323.0,flee_dominant
17,321,-304,-0.8994082839970589,,321.0,flee_dominant
176,54,122,0.5304347825856333,176.0,,cry_dominant
156,18,138,0.7931034482302813,156.0,,cry_dominant
16,333,-317,-0.9083094555613664,,333.0,flee_dominant
6,323,-317,-0.9635258358369748,,323.0,flee_dominant
10,350,-340,-0.9444444444182098,,350.0,flee_dominant
157,20,137,0.7740112993912988,157.0,,cry_dominant
22,327,-305,-0.8739255014076239,,327.0,flee_dominant
10,334,-324,-0.9418604650888994,,334.0,flee_dominant
179,9,170,0.9042553191008375,179.0,,cry_dominant
159,19,140,0.7865168538883979,159.0,,cry_dominant
7,329,-322,-0.9583333333048115,,329.0,flee_dominant
10,334,-324,-0.9418604650888994,,334.0,flee_dominant
7,340,-333,-0.9596541786466958,,340.0,flee_dominant
95,187,-92,-0.3262411347402042,,187.0,flee_dominant
116,176,-60,-0.20547945204775755,,176.0,flee_dominant
14,339,-325,-0.9206798866594708,,339.0,flee_dominant
16,364,-348,-0.9157894736601108,,364.0,flee_dominant
8,317,-309,-0.9507692307399763,,317.0,flee_dominant
12,307,-295,-0.9247648902531421,,307.0,flee_dominant
25,308,-283,-0.8498498498243288,,308.0,flee_dominant
169,23,146,0.7604166666270616,169.0,,cry_dominant
7,303,-296,-0.9548387096466181,,303.0,flee_dominant
181,31,150,0.7075471697779459,181.0,,cry_dominant
171,2,169,0.976878612660296,171.0,,cry_dominant
49,287,-238,-0.708333333312252,,287.0,flee_dominant
9,362,-353,-0.9514824797587201,,362.0,flee_dominant
14,329,-315,-0.918367346912001,,329.0,flee_dominant
8,325,-317,-0.9519519519233648,,325.0,flee_dominant
24,273,-249,-0.8383838383556099,,273.0,flee_dominant
167,14,153,0.845303867356613,167.0,,cry_dominant
30,282,-252,-0.8076923076664201,,282.0,flee_dominant
9,332,-323,-0.9472140762185568,,332.0,flee_dominant
108,163,-55,-0.2029520295128062,,163.0,flee_dominant
7,340,-333,-0.9596541786466958,,340.0,flee_dominant
168,12,156,0.8666666666185184,168.0,,cry_dominant
14,343,-329,-0.9215686274251661,,343.0,flee_dominant
167,24,143,0.7486910994372413,167.0,,cry_dominant
35,255,-220,-0.7586206896290131,,255.0,flee_dominant
29,270,-241,-0.8060200668626749,,270.0,flee_dominant
32,291,-259,-0.8018575851144936,,291.0,flee_dominant
14,311,-297,-0.9138461538180355,,311.0,flee_dominant
30,298,-268,-0.8170731707067965,,298.0,flee_dominant
4,330,-326,-0.9760479041623937,,330.0,flee_dominant
171,20,151,0.790575916188975,171.0,,cry_dominant
18,308,-290,-0.8895705521199518,,308.0,flee_dominant
34,309,-275,-0.8017492711136516,,309.0,flee_dominant
11,368,-357,-0.9419525065714525,,368.0,flee_dominant
163,54,109,0.5023041474422901,163.0,,cry_dominant
15,361,-346,-0.9202127659329731,,361.0,flee_dominant
19,315,-296,-0.8862275448836459,,315.0,flee_dominant
72,201,-129,-0.4725274725101638,,201.0,flee_dominant
14,309,-295,-0.9133126934701761,,309.0,flee_dominant
22,319,-297,-0.8709677419099423,,319.0,flee_dominant
9,365,-356,-0.9518716577285595,,365.0,flee_dominant
6,363,-357,-0.967479674770529,,363.0,flee_dominant
21,343,-322,-0.884615384591082,,343.0,flee_dominant
41,275,-234,-0.7405063290904903,,275.0,flee_dominant
6,345,-339,-0.9658119657844498,,345.0,flee_dominant
