learned_helplessness,aggressiveness_in_relationship,healthy_friendliness,bully_behavior,low_aggressiveness_in_relationship,low_healthy_friendliness,low_bully_behavior
160,334,73,441,375,34,435
244,383,22,254,300,74,424
233,377,5,232,376,12,427
21,100,297,342,309,110,437
0,23,403,292,250,174,295
251,380,11,235,383,2,508
258,403,2,320,372,23,553
252,393,16,327,318,86,543
0,35,355,278,372,26,441
0,36,342,238,253,173,332
123,277,124,448,346,31,451
1,55,332,233,335,73,458
217,358,53,417,337,38,520
5,42,333,237,305,94,348
0,11,373,196,373,10,511
22,23,359,208,248,142,299
271,389,2,216,344,31,459
257,392,10,423,397,3,445
256,388,0,298,307,90,569
1,91,316,232,296,103,413
259,373,11,247,385,6,544
0,32,359,177,388,5,407
15,82,320,350,281,108,352
28,94,308,219,299,102,504
214,279,97,463,228,161,360
5,96,312,252,358,57,461
235,372,15,374,362,21,493
20,68,295,229,328,56,370
21,96,310,272,351,58,448
252,381,11,600,419,0,477
249,370,8,328,313,92,563
16,30,353,111,328,68,562
252,366,23,573,378,4,481
207,327,58,639,303,82,362
264,399,2,681,410,0,450
228,372,32,269,393,9,598
284,380,9,201,294,92,527
260,374,0,457,396,0,445
253,395,3,555,329,89,484
16,81,315,174,355,49,417
6,36,370,180,365,74,411
127,248,149,458,339,72,374
8,22,387,197,305,84,532
293,372,2,327,310,92,559
257,346,54,509,394,9,491
193,307,104,398,316,117,383
9,89,338,312,395,4,498
100,300,105,481,314,78,359
247,365,17,189,386,28,403
0,50,331,256,305,90,393
272,395,11,186,366,43,485
8,71,348,204,354,85,525
169,374,40,540,361,44,396
0,15,362,200,254,130,325
296,376,0,195,260,129,331
215,403,14,224,342,33,468
229,382,17,501,385,20,520
288,369,24,293,396,1,558
193,303,105,502,316,74,536
1,13,370,165,327,66,575
263,360,1,299,270,144,349
247,382,12,312,323,68,397
13,139,253,265,305,110,360
258,383,4,195,197,192,244
0,71,334,193,325,85,488
0,39,369,151,182,209,255
263,370,13,192,354,43,462
0,95,319,308,282,131,499
253,392,13,308,250,113,282
239,419,8,224,391,7,400
10,61,360,197,266,106,338
263,377,27,680,392,0,441
95,245,172,459,390,4,444
258,344,5,325,332,45,405
5,54,378,272,400,0,456
291,372,13,584,402,0,397
242,312,70,471,419,0,497
268,397,8,628,370,13,426
261,377,9,620,303,90,495
0,41,349,225,384,43,460
1,38,351,262,313,75,525
3,36,365,234,393,0,658
168,221,173,346,195,179,311
10,3,392,231,389,10,436
0,33,345,123,353,72,397
250,388,5,474,390,11,484
273,368,8,517,313,44,503
0,2,417,236,367,40,403
292,383,17,497,282,90,456
219,393,6,341,399,3,478
190,261,122,456,312,85,354
243,355,52,301,390,6,446
255,340,36,615,380,39,440
235,390,0,266,379,44,460
169,335,51,418,378,18,417
0,54,350,291,306,113,475
80,189,223,338,348,81,590
0,36,394,219,384,0,553
257,370,24,192,405,14,414
247,393,14,215,365,30,423
29,28,313,116,364,7,566
305,369,12,679,389,1,590
185,376,26,393,414,1,473
53,14,367,241,430,0,713
197,409,28,429,428,0,600
286,396,9,258,419,0,611
11,38,350,241,424,0,473
190,340,64,491,314,73,537
229,254,122,536,371,30,389
231,393,3,277,254,134,296
3,48,363,244,307,84,467
82,278,106,425,378,2,309
244,404,1,417,391,0,529
262,401,3,257,397,5,450
0,100,290,327,365,35,472
250,386,0,254,341,55,436
245,399,7,373,401,2,489
3,26,370,173,377,4,483
254,391,0,621,289,121,532
17,34,319,189,342,37,406
183,310,98,513,358,34,506
215,250,147,513,371,6,447
313,372,0,183,310,93,559
272,385,3,605,404,5,507
268,403,4,272,393,5,464
0,110,297,255,325,62,389
12,1,382,117,341,41,431
263,399,8,159,347,30,366
280,396,6,207,279,96,467
242,415,11,274,224,171,284
16,82,289,215,371,4,602
229,406,3,230,179,231,247
15,26,364,191,315,95,369
1,25,344,215,308,65,356
242,422,0,235,308,79,553
151,241,171,420,418,3,620
278,363,23,350,400,2,413
4,11,397,146,335,31,420
149,361,30,475,355,46,434
269,366,20,186,368,0,456
29,106,278,333,279,111,311
0,70,317,227,399,37,430
286,390,6,274,363,26,424
0,48,339,245,349,65,416
0,5,396,210,346,70,581
199,325,64,488,280,101,472
238,417,0,239,332,32,391
247,339,43,577,350,18,507
1,7,379,236,345,44,415
209,416,1,262,419,0,670
214,410,7,402,344,70,391
2,48,355,228,389,5,245
208,393,0,440,379,0,476
247,388,2,295,301,99,550
241,325,67,552,277,107,503
243,400,2,238,314,66,506
211,403,32,291,323,47,377
119,219,169,480,342,42,401
70,250,157,464,406,0,465
17,14,374,201,276,98,325
136,288,113,433,279,84,528
247,375,11,279,379,0,521
244,371,22,249,320,59,462
0,4,377,253,327,71,467
231,404,8,353,301,79,572
241,395,1,276,342,54,607
22,58,326,214,390,31,434
68,270,139,475,357,0,446
240,385,0,462,297,108,335
268,358,37,625,370,23,424
272,381,6,291,271,138,474
259,382,8,701,294,94,483
203,300,97,537,378,0,539
5,0,389,111,403,0,666
208,382,8,436,365,30,450
265,375,18,234,322,72,518
7,91,286,255,347,45,398
225,361,21,517,322,86,536
12,36,378,248,383,36,424
0,25,358,161,300,83,511
245,384,16,293,352,63,580
146,295,91,518,381,13,406
269,390,14,612,228,169,280
256,378,5,227,395,0,607
236,373,3,350,432,1,663
0,129,316,320,360,25,471
37,71,309,223,384,10,428
255,380,13,242,348,47,391
136,244,119,527,350,66,671
237,294,5,401,402,0,599
0,0,389,271,371,18,431
260,409,0,325,331,50,389
235,374,15,653,323,83,553
0,8,391,240,393,4,443
8,49,333,114,395,19,542
1,38,362,208,381,2,362
235,368,6,460,389,0,472
0,65,331,297,308,78,566
0,15,359,275,300,92,384
268,379,5,232,300,88,528
