source_file,source_path,condition,run,learned_helplessness_count,total_analysis_behaviors,lh_pct,subgroup
multiple_runs_DB_HighThreat_2_20260407_031225.csv,multiple_runs_DB_HighThreat_2_20260407_031225.csv,ACE,1,7,885,0.7909604519774011,Resilient
multiple_runs_DB_HighThreat_2_20260407_031225.csv,multiple_runs_DB_HighThreat_2_20260407_031225.csv,ACE,2,64,951,6.729758149316509,Intermediate
multiple_runs_DB_HighThreat_2_20260407_031225.csv,multiple_runs_DB_HighThreat_2_20260407_031225.csv,ACE,3,90,1082,8.317929759704251,Intermediate
multiple_runs_DB_HighThreat_2_20260407_031225.csv,multiple_runs_DB_HighThreat_2_20260407_031225.csv,ACE,4,256,989,25.884732052578364,Vulnerable
multiple_runs_DB_HighThreat_2_20260407_031225.csv,multiple_runs_DB_HighThreat_2_20260407_031225.csv,ACE,5,0,909,0.0,Resilient
multiple_runs_DB_HighThreat_2_20260407_031225.csv,multiple_runs_DB_HighThreat_2_20260407_031225.csv,ACE,6,268,1035,25.893719806763283,Vulnerable
multiple_runs_DB_HighThreat_2_20260407_031225.csv,multiple_runs_DB_HighThreat_2_20260407_031225.csv,ACE,7,203,1258,16.136724960254373,Intermediate
multiple_runs_DB_HighThreat_2_20260407_031225.csv,multiple_runs_DB_HighThreat_2_20260407_031225.csv,ACE,8,221,1011,21.8595450049456,Intermediate
multiple_runs_DB_HighThreat_2_20260407_031225.csv,multiple_runs_DB_HighThreat_2_20260407_031225.csv,ACE,9,283,1217,23.25390304026294,Intermediate
multiple_runs_DB_HighThreat_2_20260407_031225.csv,multiple_runs_DB_HighThreat_2_20260407_031225.csv,ACE,10,31,990,3.1313131313131315,Resilient
multiple_runs_DB_HighThreat_2_20260407_031225.csv,multiple_runs_DB_HighThreat_2_20260407_031225.csv,ACE,11,271,1346,20.13372956909361,Intermediate
multiple_runs_DB_HighThreat_2_20260407_031225.csv,multiple_runs_DB_HighThreat_2_20260407_031225.csv,ACE,12,0,958,0.0,Resilient
multiple_runs_DB_HighThreat_2_20260407_031225.csv,multiple_runs_DB_HighThreat_2_20260407_031225.csv,ACE,13,41,970,4.22680412371134,Resilient
multiple_runs_DB_HighThreat_2_20260407_031225.csv,multiple_runs_DB_HighThreat_2_20260407_031225.csv,ACE,14,192,1150,16.695652173913047,Intermediate
multiple_runs_DB_HighThreat_2_20260407_031225.csv,multiple_runs_DB_HighThreat_2_20260407_031225.csv,ACE,15,259,1270,20.393700787401574,Intermediate
multiple_runs_DB_HighThreat_2_20260407_031225.csv,multiple_runs_DB_HighThreat_2_20260407_031225.csv,ACE,16,230,1072,21.455223880597014,Intermediate
multiple_runs_DB_HighThreat_2_20260407_031225.csv,multiple_runs_DB_HighThreat_2_20260407_031225.csv,ACE,17,208,1197,17.376775271512113,Intermediate
multiple_runs_DB_HighThreat_2_20260407_031225.csv,multiple_runs_DB_HighThreat_2_20260407_031225.csv,ACE,18,254,885,28.70056497175141,Vulnerable
multiple_runs_DB_HighThreat_2_20260407_031225.csv,multiple_runs_DB_HighThreat_2_20260407_031225.csv,ACE,19,4,939,0.42598509052183176,Resilient
multiple_runs_DB_HighThreat_2_20260407_031225.csv,multiple_runs_DB_HighThreat_2_20260407_031225.csv,ACE,20,269,973,27.646454265159303,Vulnerable
multiple_runs_DB_HighThreat_2_20260407_031225.csv,multiple_runs_DB_HighThreat_2_20260407_031225.csv,ACE,21,69,1109,6.221821460775474,Intermediate
multiple_runs_DB_HighThreat_2_20260407_031225.csv,multiple_runs_DB_HighThreat_2_20260407_031225.csv,ACE,22,268,923,29.03575297941495,Vulnerable
multiple_runs_DB_HighThreat_2_20260407_031225.csv,multiple_runs_DB_HighThreat_2_20260407_031225.csv,ACE,23,8,900,0.8888888888888888,Resilient
multiple_runs_DB_HighThreat_2_20260407_031225.csv,multiple_runs_DB_HighThreat_2_20260407_031225.csv,ACE,24,218,1041,20.941402497598464,Intermediate
multiple_runs_DB_HighThreat_2_20260407_031225.csv,multiple_runs_DB_HighThreat_2_20260407_031225.csv,ACE,25,281,1046,26.864244741873804,Vulnerable
multiple_runs_DB_HighThreat_2_20260407_031225.csv,multiple_runs_DB_HighThreat_2_20260407_031225.csv,ACE,26,140,1071,13.071895424836603,Intermediate
multiple_runs_DB_HighThreat_2_20260407_031225.csv,multiple_runs_DB_HighThreat_2_20260407_031225.csv,ACE,27,228,959,23.774765380604794,Vulnerable
multiple_runs_DB_HighThreat_2_20260407_031225.csv,multiple_runs_DB_HighThreat_2_20260407_031225.csv,ACE,28,219,1237,17.704122877930477,Intermediate
multiple_runs_DB_HighThreat_2_20260407_031225.csv,multiple_runs_DB_HighThreat_2_20260407_031225.csv,ACE,29,262,1009,25.966303270564918,Vulnerable
multiple_runs_DB_HighThreat_2_20260407_031225.csv,multiple_runs_DB_HighThreat_2_20260407_031225.csv,ACE,30,226,1170,19.31623931623932,Intermediate
multiple_runs_DB_HighThreat_2_20260407_031225.csv,multiple_runs_DB_HighThreat_2_20260407_031225.csv,ACE,31,140,1169,11.976047904191617,Intermediate
multiple_runs_DB_HighThreat_2_20260407_031225.csv,multiple_runs_DB_HighThreat_2_20260407_031225.csv,ACE,32,1,927,0.10787486515641855,Resilient
multiple_runs_DB_HighThreat_2_20260407_031225.csv,multiple_runs_DB_HighThreat_2_20260407_031225.csv,ACE,33,193,1148,16.81184668989547,Intermediate
multiple_runs_DB_HighThreat_2_20260407_031225.csv,multiple_runs_DB_HighThreat_2_20260407_031225.csv,ACE,34,0,922,0.0,Resilient
multiple_runs_DB_HighThreat_2_20260407_031225.csv,multiple_runs_DB_HighThreat_2_20260407_031225.csv,ACE,35,265,939,28.221512247071352,Vulnerable
multiple_runs_DB_HighThreat_2_20260407_031225.csv,multiple_runs_DB_HighThreat_2_20260407_031225.csv,ACE,36,9,951,0.9463722397476341,Resilient
multiple_runs_DB_HighThreat_2_20260407_031225.csv,multiple_runs_DB_HighThreat_2_20260407_031225.csv,ACE,37,1,877,0.11402508551881414,Resilient
multiple_runs_DB_HighThreat_2_20260407_031225.csv,multiple_runs_DB_HighThreat_2_20260407_031225.csv,ACE,38,105,1120,9.375,Intermediate
multiple_runs_DB_HighThreat_2_20260407_031225.csv,multiple_runs_DB_HighThreat_2_20260407_031225.csv,ACE,39,210,1045,20.095693779904305,Intermediate
multiple_runs_DB_HighThreat_2_20260407_031225.csv,multiple_runs_DB_HighThreat_2_20260407_031225.csv,ACE,40,0,1038,0.0,Resilient
multiple_runs_DB_HighThreat_2_20260407_031225.csv,multiple_runs_DB_HighThreat_2_20260407_031225.csv,ACE,41,0,944,0.0,Resilient
multiple_runs_DB_HighThreat_2_20260407_031225.csv,multiple_runs_DB_HighThreat_2_20260407_031225.csv,ACE,42,89,933,9.539121114683816,Intermediate
multiple_runs_DB_HighThreat_2_20260407_031225.csv,multiple_runs_DB_HighThreat_2_20260407_031225.csv,ACE,43,265,1037,25.554484088717455,Vulnerable
multiple_runs_DB_HighThreat_2_20260407_031225.csv,multiple_runs_DB_HighThreat_2_20260407_031225.csv,ACE,44,280,1020,27.450980392156865,Vulnerable
multiple_runs_DB_HighThreat_2_20260407_031225.csv,multiple_runs_DB_HighThreat_2_20260407_031225.csv,ACE,45,0,985,0.0,Resilient
multiple_runs_DB_HighThreat_2_20260407_031225.csv,multiple_runs_DB_HighThreat_2_20260407_031225.csv,ACE,46,0,905,0.0,Resilient
multiple_runs_DB_HighThreat_2_20260407_031225.csv,multiple_runs_DB_HighThreat_2_20260407_031225.csv,ACE,47,287,885,32.429378531073446,Vulnerable
multiple_runs_DB_HighThreat_2_20260407_031225.csv,multiple_runs_DB_HighThreat_2_20260407_031225.csv,ACE,48,125,1188,10.521885521885523,Intermediate
multiple_runs_DB_HighThreat_2_20260407_031225.csv,multiple_runs_DB_HighThreat_2_20260407_031225.csv,ACE,49,293,1065,27.511737089201876,Vulnerable
multiple_runs_DB_HighThreat_2_20260407_031225.csv,multiple_runs_DB_HighThreat_2_20260407_031225.csv,ACE,50,5,1020,0.49019607843137253,Resilient
multiple_runs_DB_HighThreat_2_20260407_031225.csv,multiple_runs_DB_HighThreat_2_20260407_031225.csv,ACE,51,255,975,26.153846153846157,Vulnerable
multiple_runs_DB_HighThreat_2_20260407_031225.csv,multiple_runs_DB_HighThreat_2_20260407_031225.csv,ACE,52,291,870,33.44827586206897,Vulnerable
multiple_runs_DB_HighThreat_2_20260407_031225.csv,multiple_runs_DB_HighThreat_2_20260407_031225.csv,ACE,53,11,936,1.1752136752136753,Resilient
multiple_runs_DB_HighThreat_2_20260407_031225.csv,multiple_runs_DB_HighThreat_2_20260407_031225.csv,ACE,54,182,1072,16.977611940298505,Intermediate
multiple_runs_DB_HighThreat_2_20260407_031225.csv,multiple_runs_DB_HighThreat_2_20260407_031225.csv,ACE,55,2,912,0.21929824561403508,Resilient
multiple_runs_DB_HighThreat_2_20260407_031225.csv,multiple_runs_DB_HighThreat_2_20260407_031225.csv,ACE,56,264,962,27.442827442827443,Vulnerable
multiple_runs_DB_HighThreat_2_20260407_031225.csv,multiple_runs_DB_HighThreat_2_20260407_031225.csv,ACE,57,0,925,0.0,Resilient
multiple_runs_DB_HighThreat_2_20260407_031225.csv,multiple_runs_DB_HighThreat_2_20260407_031225.csv,ACE,58,11,866,1.2702078521939952,Resilient
multiple_runs_DB_HighThreat_2_20260407_031225.csv,multiple_runs_DB_HighThreat_2_20260407_031225.csv,ACE,59,239,954,25.052410901467503,Vulnerable
multiple_runs_DB_HighThreat_2_20260407_031225.csv,multiple_runs_DB_HighThreat_2_20260407_031225.csv,ACE,60,248,938,26.439232409381663,Vulnerable
multiple_runs_DB_HighThreat_2_20260407_031225.csv,multiple_runs_DB_HighThreat_2_20260407_031225.csv,ACE,61,239,900,26.555555555555554,Vulnerable
multiple_runs_DB_HighThreat_2_20260407_031225.csv,multiple_runs_DB_HighThreat_2_20260407_031225.csv,ACE,62,288,897,32.10702341137124,Vulnerable
multiple_runs_DB_HighThreat_2_20260407_031225.csv,multiple_runs_DB_HighThreat_2_20260407_031225.csv,ACE,63,116,1186,9.780775716694773,Intermediate
multiple_runs_DB_HighThreat_2_20260407_031225.csv,multiple_runs_DB_HighThreat_2_20260407_031225.csv,ACE,64,225,888,25.33783783783784,Vulnerable
multiple_runs_DB_HighThreat_2_20260407_031225.csv,multiple_runs_DB_HighThreat_2_20260407_031225.csv,ACE,65,7,949,0.7376185458377239,Resilient
multiple_runs_DB_HighThreat_2_20260407_031225.csv,multiple_runs_DB_HighThreat_2_20260407_031225.csv,ACE,66,244,1196,20.401337792642142,Intermediate
multiple_runs_DB_HighThreat_2_20260407_031225.csv,multiple_runs_DB_HighThreat_2_20260407_031225.csv,ACE,67,276,1106,24.95479204339964,Vulnerable
multiple_runs_DB_HighThreat_2_20260407_031225.csv,multiple_runs_DB_HighThreat_2_20260407_031225.csv,ACE,68,298,1198,24.874791318864776,Vulnerable
multiple_runs_DB_HighThreat_2_20260407_031225.csv,multiple_runs_DB_HighThreat_2_20260407_031225.csv,ACE,69,86,1148,7.491289198606271,Intermediate
multiple_runs_DB_HighThreat_2_20260407_031225.csv,multiple_runs_DB_HighThreat_2_20260407_031225.csv,ACE,70,236,1277,18.480814408770556,Intermediate
multiple_runs_DB_HighThreat_2_20260407_031225.csv,multiple_runs_DB_HighThreat_2_20260407_031225.csv,ACE,71,4,983,0.40691759918616477,Resilient
multiple_runs_DB_HighThreat_2_20260407_031225.csv,multiple_runs_DB_HighThreat_2_20260407_031225.csv,ACE,72,247,970,25.463917525773194,Vulnerable
multiple_runs_DB_HighThreat_2_20260407_031225.csv,multiple_runs_DB_HighThreat_2_20260407_031225.csv,ACE,73,89,1044,8.524904214559387,Intermediate
multiple_runs_DB_HighThreat_2_20260407_031225.csv,multiple_runs_DB_HighThreat_2_20260407_031225.csv,ACE,74,259,1016,25.492125984251967,Vulnerable
multiple_runs_DB_HighThreat_2_20260407_031225.csv,multiple_runs_DB_HighThreat_2_20260407_031225.csv,ACE,75,0,851,0.0,Resilient
multiple_runs_DB_HighThreat_2_20260407_031225.csv,multiple_runs_DB_HighThreat_2_20260407_031225.csv,ACE,76,238,966,24.637681159420293,Vulnerable
multiple_runs_DB_HighThreat_2_20260407_031225.csv,multiple_runs_DB_HighThreat_2_20260407_031225.csv,ACE,77,227,994,22.83702213279678,Intermediate
multiple_runs_DB_HighThreat_2_20260407_031225.csv,multiple_runs_DB_HighThreat_2_20260407_031225.csv,ACE,78,193,1139,16.94468832309043,Intermediate
multiple_runs_DB_HighThreat_2_20260407_031225.csv,multiple_runs_DB_HighThreat_2_20260407_031225.csv,ACE,79,255,919,27.747551686615886,Vulnerable
multiple_runs_DB_HighThreat_2_20260407_031225.csv,multiple_runs_DB_HighThreat_2_20260407_031225.csv,ACE,80,1,1022,0.09784735812133072,Resilient
multiple_runs_DB_HighThreat_2_20260407_031225.csv,multiple_runs_DB_HighThreat_2_20260407_031225.csv,ACE,81,6,905,0.6629834254143646,Resilient
multiple_runs_DB_HighThreat_2_20260407_031225.csv,multiple_runs_DB_HighThreat_2_20260407_031225.csv,ACE,82,274,1354,20.236336779911372,Intermediate
multiple_runs_DB_HighThreat_2_20260407_031225.csv,multiple_runs_DB_HighThreat_2_20260407_031225.csv,ACE,83,254,1287,19.735819735819735,Intermediate
multiple_runs_DB_HighThreat_2_20260407_031225.csv,multiple_runs_DB_HighThreat_2_20260407_031225.csv,ACE,84,0,986,0.0,Resilient
multiple_runs_DB_HighThreat_2_20260407_031225.csv,multiple_runs_DB_HighThreat_2_20260407_031225.csv,ACE,85,52,1032,5.038759689922481,Resilient
multiple_runs_DB_HighThreat_2_20260407_031225.csv,multiple_runs_DB_HighThreat_2_20260407_031225.csv,ACE,86,233,1390,16.762589928057555,Intermediate
multiple_runs_DB_HighThreat_2_20260407_031225.csv,multiple_runs_DB_HighThreat_2_20260407_031225.csv,ACE,87,1,881,0.11350737797956867,Resilient
multiple_runs_DB_HighThreat_2_20260407_031225.csv,multiple_runs_DB_HighThreat_2_20260407_031225.csv,ACE,88,248,969,25.593395252837976,Vulnerable
multiple_runs_DB_HighThreat_2_20260407_031225.csv,multiple_runs_DB_HighThreat_2_20260407_031225.csv,ACE,89,195,1060,18.39622641509434,Intermediate
multiple_runs_DB_HighThreat_2_20260407_031225.csv,multiple_runs_DB_HighThreat_2_20260407_031225.csv,ACE,90,238,994,23.943661971830984,Vulnerable
multiple_runs_DB_HighThreat_2_20260407_031225.csv,multiple_runs_DB_HighThreat_2_20260407_031225.csv,ACE,91,270,969,27.86377708978328,Vulnerable
multiple_runs_DB_HighThreat_2_20260407_031225.csv,multiple_runs_DB_HighThreat_2_20260407_031225.csv,ACE,92,220,1045,21.052631578947366,Intermediate
multiple_runs_DB_HighThreat_2_20260407_031225.csv,multiple_runs_DB_HighThreat_2_20260407_031225.csv,ACE,93,0,985,0.0,Resilient
multiple_runs_DB_HighThreat_2_20260407_031225.csv,multiple_runs_DB_HighThreat_2_20260407_031225.csv,ACE,94,255,994,25.653923541247487,Vulnerable
multiple_runs_DB_HighThreat_2_20260407_031225.csv,multiple_runs_DB_HighThreat_2_20260407_031225.csv,ACE,95,0,964,0.0,Resilient
multiple_runs_DB_HighThreat_2_20260407_031225.csv,multiple_runs_DB_HighThreat_2_20260407_031225.csv,ACE,96,250,1098,22.768670309653917,Intermediate
multiple_runs_DB_HighThreat_2_20260407_031225.csv,multiple_runs_DB_HighThreat_2_20260407_031225.csv,ACE,97,15,946,1.5856236786469344,Resilient
multiple_runs_DB_HighThreat_2_20260407_031225.csv,multiple_runs_DB_HighThreat_2_20260407_031225.csv,ACE,98,41,1038,3.94990366088632,Resilient
multiple_runs_DB_HighThreat_2_20260407_031225.csv,multiple_runs_DB_HighThreat_2_20260407_031225.csv,ACE,99,227,1251,18.145483613109512,Intermediate
multiple_runs_DB_HighThreat_2_20260407_031225.csv,multiple_runs_DB_HighThreat_2_20260407_031225.csv,ACE,100,2,915,0.2185792349726776,Resilient
multiple_runs_DB_HighThreat_2_20260407_031225.csv,multiple_runs_DB_HighThreat_2_20260407_031225.csv,ACE,101,190,1249,15.212169735788631,Intermediate
multiple_runs_DB_HighThreat_2_20260407_031225.csv,multiple_runs_DB_HighThreat_2_20260407_031225.csv,ACE,102,86,1082,7.948243992606285,Intermediate
multiple_runs_DB_HighThreat_2_20260407_031225.csv,multiple_runs_DB_HighThreat_2_20260407_031225.csv,ACE,103,0,923,0.0,Resilient
multiple_runs_DB_HighThreat_2_20260407_031225.csv,multiple_runs_DB_HighThreat_2_20260407_031225.csv,ACE,104,229,1001,22.877122877122876,Intermediate
multiple_runs_DB_HighThreat_2_20260407_031225.csv,multiple_runs_DB_HighThreat_2_20260407_031225.csv,ACE,105,239,1063,22.483537158984007,Intermediate
multiple_runs_DB_HighThreat_2_20260407_031225.csv,multiple_runs_DB_HighThreat_2_20260407_031225.csv,ACE,106,238,944,25.21186440677966,Vulnerable
multiple_runs_DB_HighThreat_2_20260407_031225.csv,multiple_runs_DB_HighThreat_2_20260407_031225.csv,ACE,107,225,999,22.52252252252252,Intermediate
multiple_runs_DB_HighThreat_2_20260407_031225.csv,multiple_runs_DB_HighThreat_2_20260407_031225.csv,ACE,108,0,906,0.0,Resilient
multiple_runs_DB_HighThreat_2_20260407_031225.csv,multiple_runs_DB_HighThreat_2_20260407_031225.csv,ACE,109,13,796,1.6331658291457287,Resilient
multiple_runs_DB_HighThreat_2_20260407_031225.csv,multiple_runs_DB_HighThreat_2_20260407_031225.csv,ACE,110,238,1311,18.154080854309687,Intermediate
multiple_runs_DB_HighThreat_2_20260407_031225.csv,multiple_runs_DB_HighThreat_2_20260407_031225.csv,ACE,111,0,931,0.0,Resilient
multiple_runs_DB_HighThreat_2_20260407_031225.csv,multiple_runs_DB_HighThreat_2_20260407_031225.csv,ACE,112,287,1309,21.92513368983957,Intermediate
multiple_runs_DB_HighThreat_2_20260407_031225.csv,multiple_runs_DB_HighThreat_2_20260407_031225.csv,ACE,113,270,1341,20.13422818791946,Intermediate
multiple_runs_DB_HighThreat_2_20260407_031225.csv,multiple_runs_DB_HighThreat_2_20260407_031225.csv,ACE,114,22,1001,2.197802197802198,Resilient
multiple_runs_DB_HighThreat_2_20260407_031225.csv,multiple_runs_DB_HighThreat_2_20260407_031225.csv,ACE,115,252,964,26.141078838174277,Vulnerable
multiple_runs_DB_HighThreat_2_20260407_031225.csv,multiple_runs_DB_HighThreat_2_20260407_031225.csv,ACE,116,0,898,0.0,Resilient
multiple_runs_DB_HighThreat_2_20260407_031225.csv,multiple_runs_DB_HighThreat_2_20260407_031225.csv,ACE,117,249,1316,18.9209726443769,Intermediate
multiple_runs_DB_HighThreat_2_20260407_031225.csv,multiple_runs_DB_HighThreat_2_20260407_031225.csv,ACE,118,242,909,26.62266226622662,Vulnerable
multiple_runs_DB_HighThreat_2_20260407_031225.csv,multiple_runs_DB_HighThreat_2_20260407_031225.csv,ACE,119,272,1073,25.349487418452938,Vulnerable
multiple_runs_DB_HighThreat_2_20260407_031225.csv,multiple_runs_DB_HighThreat_2_20260407_031225.csv,ACE,120,253,1047,24.164278892072588,Vulnerable
multiple_runs_DB_HighThreat_2_20260407_031225.csv,multiple_runs_DB_HighThreat_2_20260407_031225.csv,ACE,121,0,969,0.0,Resilient
multiple_runs_DB_HighThreat_2_20260407_031225.csv,multiple_runs_DB_HighThreat_2_20260407_031225.csv,ACE,122,0,987,0.0,Resilient
multiple_runs_DB_HighThreat_2_20260407_031225.csv,multiple_runs_DB_HighThreat_2_20260407_031225.csv,ACE,123,5,854,0.5854800936768151,Resilient
multiple_runs_DB_HighThreat_2_20260407_031225.csv,multiple_runs_DB_HighThreat_2_20260407_031225.csv,ACE,124,35,982,3.5641547861507124,Resilient
multiple_runs_DB_HighThreat_2_20260407_031225.csv,multiple_runs_DB_HighThreat_2_20260407_031225.csv,ACE,125,130,1114,11.669658886894076,Intermediate
multiple_runs_DB_HighThreat_2_20260407_031225.csv,multiple_runs_DB_HighThreat_2_20260407_031225.csv,ACE,126,270,932,28.96995708154507,Vulnerable
multiple_runs_DB_HighThreat_2_20260407_031225.csv,multiple_runs_DB_HighThreat_2_20260407_031225.csv,ACE,127,14,931,1.5037593984962405,Resilient
multiple_runs_DB_HighThreat_2_20260407_031225.csv,multiple_runs_DB_HighThreat_2_20260407_031225.csv,ACE,128,254,1055,24.075829383886255,Vulnerable
multiple_runs_DB_HighThreat_2_20260407_031225.csv,multiple_runs_DB_HighThreat_2_20260407_031225.csv,ACE,129,21,957,2.19435736677116,Resilient
multiple_runs_DB_HighThreat_2_20260407_031225.csv,multiple_runs_DB_HighThreat_2_20260407_031225.csv,ACE,130,243,910,26.703296703296704,Vulnerable
multiple_runs_DB_HighThreat_2_20260407_031225.csv,multiple_runs_DB_HighThreat_2_20260407_031225.csv,ACE,131,237,923,25.677139761646806,Vulnerable
multiple_runs_DB_HighThreat_2_20260407_031225.csv,multiple_runs_DB_HighThreat_2_20260407_031225.csv,ACE,132,244,928,26.29310344827586,Vulnerable
multiple_runs_DB_HighThreat_2_20260407_031225.csv,multiple_runs_DB_HighThreat_2_20260407_031225.csv,ACE,133,0,929,0.0,Resilient
multiple_runs_DB_HighThreat_2_20260407_031225.csv,multiple_runs_DB_HighThreat_2_20260407_031225.csv,ACE,134,284,961,29.5525494276795,Vulnerable
multiple_runs_DB_HighThreat_2_20260407_031225.csv,multiple_runs_DB_HighThreat_2_20260407_031225.csv,ACE,135,4,918,0.4357298474945534,Resilient
multiple_runs_DB_HighThreat_2_20260407_031225.csv,multiple_runs_DB_HighThreat_2_20260407_031225.csv,ACE,136,240,915,26.229508196721312,Vulnerable
multiple_runs_DB_HighThreat_2_20260407_031225.csv,multiple_runs_DB_HighThreat_2_20260407_031225.csv,ACE,137,256,902,28.38137472283814,Vulnerable
multiple_runs_DB_HighThreat_2_20260407_031225.csv,multiple_runs_DB_HighThreat_2_20260407_031225.csv,ACE,138,0,880,0.0,Resilient
multiple_runs_DB_HighThreat_2_20260407_031225.csv,multiple_runs_DB_HighThreat_2_20260407_031225.csv,ACE,139,0,970,0.0,Resilient
multiple_runs_DB_HighThreat_2_20260407_031225.csv,multiple_runs_DB_HighThreat_2_20260407_031225.csv,ACE,140,272,1047,25.97898758357211,Vulnerable
multiple_runs_DB_HighThreat_2_20260407_031225.csv,multiple_runs_DB_HighThreat_2_20260407_031225.csv,ACE,141,0,1025,0.0,Resilient
multiple_runs_DB_HighThreat_2_20260407_031225.csv,multiple_runs_DB_HighThreat_2_20260407_031225.csv,ACE,142,216,1003,21.535393818544364,Intermediate
multiple_runs_DB_HighThreat_2_20260407_031225.csv,multiple_runs_DB_HighThreat_2_20260407_031225.csv,ACE,143,90,1079,8.341056533827619,Intermediate
multiple_runs_DB_HighThreat_2_20260407_031225.csv,multiple_runs_DB_HighThreat_2_20260407_031225.csv,ACE,144,2,865,0.23121387283236997,Resilient
multiple_runs_DB_HighThreat_2_20260407_031225.csv,multiple_runs_DB_HighThreat_2_20260407_031225.csv,ACE,145,253,1301,19.446579554189086,Intermediate
multiple_runs_DB_HighThreat_2_20260407_031225.csv,multiple_runs_DB_HighThreat_2_20260407_031225.csv,ACE,146,254,908,27.973568281938327,Vulnerable
multiple_runs_DB_HighThreat_2_20260407_031225.csv,multiple_runs_DB_HighThreat_2_20260407_031225.csv,ACE,147,21,927,2.26537216828479,Resilient
multiple_runs_DB_HighThreat_2_20260407_031225.csv,multiple_runs_DB_HighThreat_2_20260407_031225.csv,ACE,148,146,1135,12.863436123348018,Intermediate
multiple_runs_DB_HighThreat_2_20260407_031225.csv,multiple_runs_DB_HighThreat_2_20260407_031225.csv,ACE,149,0,966,0.0,Resilient
multiple_runs_DB_HighThreat_2_20260407_031225.csv,multiple_runs_DB_HighThreat_2_20260407_031225.csv,ACE,150,114,1110,10.27027027027027,Intermediate
multiple_runs_DB_HighThreat_2_20260407_031225.csv,multiple_runs_DB_HighThreat_2_20260407_031225.csv,ACE,151,20,934,2.141327623126338,Resilient
multiple_runs_DB_HighThreat_2_20260407_031225.csv,multiple_runs_DB_HighThreat_2_20260407_031225.csv,ACE,152,239,1374,17.394468704512374,Intermediate
multiple_runs_DB_HighThreat_2_20260407_031225.csv,multiple_runs_DB_HighThreat_2_20260407_031225.csv,ACE,153,271,937,28.922091782283886,Vulnerable
multiple_runs_DB_HighThreat_2_20260407_031225.csv,multiple_runs_DB_HighThreat_2_20260407_031225.csv,ACE,154,297,860,34.53488372093023,Vulnerable
multiple_runs_DB_HighThreat_2_20260407_031225.csv,multiple_runs_DB_HighThreat_2_20260407_031225.csv,ACE,155,220,1150,19.130434782608695,Intermediate
multiple_runs_DB_HighThreat_2_20260407_031225.csv,multiple_runs_DB_HighThreat_2_20260407_031225.csv,ACE,156,234,1035,22.608695652173914,Intermediate
multiple_runs_DB_HighThreat_2_20260407_031225.csv,multiple_runs_DB_HighThreat_2_20260407_031225.csv,ACE,157,3,1021,0.2938295788442703,Resilient
multiple_runs_DB_HighThreat_2_20260407_031225.csv,multiple_runs_DB_HighThreat_2_20260407_031225.csv,ACE,158,65,1116,5.824372759856631,Intermediate
multiple_runs_DB_HighThreat_2_20260407_031225.csv,multiple_runs_DB_HighThreat_2_20260407_031225.csv,ACE,159,295,870,33.90804597701149,Vulnerable
multiple_runs_DB_HighThreat_2_20260407_031225.csv,multiple_runs_DB_HighThreat_2_20260407_031225.csv,ACE,160,272,890,30.56179775280899,Vulnerable
multiple_runs_DB_HighThreat_2_20260407_031225.csv,multiple_runs_DB_HighThreat_2_20260407_031225.csv,ACE,161,255,1259,20.254169976171564,Intermediate
multiple_runs_DB_HighThreat_2_20260407_031225.csv,multiple_runs_DB_HighThreat_2_20260407_031225.csv,ACE,162,264,919,28.726877040261158,Vulnerable
multiple_runs_DB_HighThreat_2_20260407_031225.csv,multiple_runs_DB_HighThreat_2_20260407_031225.csv,ACE,163,269,1225,21.959183673469386,Intermediate
multiple_runs_DB_HighThreat_2_20260407_031225.csv,multiple_runs_DB_HighThreat_2_20260407_031225.csv,ACE,164,0,864,0.0,Resilient
multiple_runs_DB_HighThreat_2_20260407_031225.csv,multiple_runs_DB_HighThreat_2_20260407_031225.csv,ACE,165,289,1120,25.80357142857143,Vulnerable
multiple_runs_DB_HighThreat_2_20260407_031225.csv,multiple_runs_DB_HighThreat_2_20260407_031225.csv,ACE,166,234,960,24.375,Vulnerable
multiple_runs_DB_HighThreat_2_20260407_031225.csv,multiple_runs_DB_HighThreat_2_20260407_031225.csv,ACE,167,236,1018,23.18271119842829,Intermediate
multiple_runs_DB_HighThreat_2_20260407_031225.csv,multiple_runs_DB_HighThreat_2_20260407_031225.csv,ACE,168,263,909,28.93289328932893,Vulnerable
multiple_runs_DB_HighThreat_2_20260407_031225.csv,multiple_runs_DB_HighThreat_2_20260407_031225.csv,ACE,169,234,948,24.68354430379747,Vulnerable
multiple_runs_DB_HighThreat_2_20260407_031225.csv,multiple_runs_DB_HighThreat_2_20260407_031225.csv,ACE,170,226,974,23.203285420944557,Intermediate
multiple_runs_DB_HighThreat_2_20260407_031225.csv,multiple_runs_DB_HighThreat_2_20260407_031225.csv,ACE,171,23,1009,2.2794846382556986,Resilient
multiple_runs_DB_HighThreat_2_20260407_031225.csv,multiple_runs_DB_HighThreat_2_20260407_031225.csv,ACE,172,239,1021,23.408423114593536,Intermediate
multiple_runs_DB_HighThreat_2_20260407_031225.csv,multiple_runs_DB_HighThreat_2_20260407_031225.csv,ACE,173,5,790,0.6329113924050633,Resilient
multiple_runs_DB_HighThreat_2_20260407_031225.csv,multiple_runs_DB_HighThreat_2_20260407_031225.csv,ACE,174,0,950,0.0,Resilient
multiple_runs_DB_HighThreat_2_20260407_031225.csv,multiple_runs_DB_HighThreat_2_20260407_031225.csv,ACE,175,21,944,2.2245762711864407,Resilient
multiple_runs_DB_HighThreat_2_20260407_031225.csv,multiple_runs_DB_HighThreat_2_20260407_031225.csv,ACE,176,264,946,27.906976744186046,Vulnerable
multiple_runs_DB_HighThreat_2_20260407_031225.csv,multiple_runs_DB_HighThreat_2_20260407_031225.csv,ACE,177,217,1045,20.76555023923445,Intermediate
multiple_runs_DB_HighThreat_2_20260407_031225.csv,multiple_runs_DB_HighThreat_2_20260407_031225.csv,ACE,178,249,919,27.094668117519046,Vulnerable
multiple_runs_DB_HighThreat_2_20260407_031225.csv,multiple_runs_DB_HighThreat_2_20260407_031225.csv,ACE,179,175,1182,14.805414551607447,Intermediate
multiple_runs_DB_HighThreat_2_20260407_031225.csv,multiple_runs_DB_HighThreat_2_20260407_031225.csv,ACE,180,3,893,0.33594624860022393,Resilient
multiple_runs_DB_HighThreat_2_20260407_031225.csv,multiple_runs_DB_HighThreat_2_20260407_031225.csv,ACE,181,0,989,0.0,Resilient
multiple_runs_DB_HighThreat_2_20260407_031225.csv,multiple_runs_DB_HighThreat_2_20260407_031225.csv,ACE,182,246,1157,21.2618841832325,Intermediate
multiple_runs_DB_HighThreat_2_20260407_031225.csv,multiple_runs_DB_HighThreat_2_20260407_031225.csv,ACE,183,256,986,25.963488843813387,Vulnerable
multiple_runs_DB_HighThreat_2_20260407_031225.csv,multiple_runs_DB_HighThreat_2_20260407_031225.csv,ACE,184,241,1079,22.335495829471732,Intermediate
multiple_runs_DB_HighThreat_2_20260407_031225.csv,multiple_runs_DB_HighThreat_2_20260407_031225.csv,ACE,185,17,848,2.0047169811320753,Resilient
multiple_runs_DB_HighThreat_2_20260407_031225.csv,multiple_runs_DB_HighThreat_2_20260407_031225.csv,ACE,186,252,916,27.510917030567683,Vulnerable
multiple_runs_DB_HighThreat_2_20260407_031225.csv,multiple_runs_DB_HighThreat_2_20260407_031225.csv,ACE,187,253,1072,23.600746268656717,Intermediate
multiple_runs_DB_HighThreat_2_20260407_031225.csv,multiple_runs_DB_HighThreat_2_20260407_031225.csv,ACE,188,0,885,0.0,Resilient
multiple_runs_DB_HighThreat_2_20260407_031225.csv,multiple_runs_DB_HighThreat_2_20260407_031225.csv,ACE,189,237,983,24.109867751780264,Vulnerable
multiple_runs_DB_HighThreat_2_20260407_031225.csv,multiple_runs_DB_HighThreat_2_20260407_031225.csv,ACE,190,232,927,25.026968716289105,Vulnerable
multiple_runs_DB_HighThreat_2_20260407_031225.csv,multiple_runs_DB_HighThreat_2_20260407_031225.csv,ACE,191,234,888,26.351351351351347,Vulnerable
multiple_runs_DB_HighThreat_2_20260407_031225.csv,multiple_runs_DB_HighThreat_2_20260407_031225.csv,ACE,192,257,983,26.14445574771109,Vulnerable
multiple_runs_DB_HighThreat_2_20260407_031225.csv,multiple_runs_DB_HighThreat_2_20260407_031225.csv,ACE,193,246,948,25.949367088607595,Vulnerable
multiple_runs_DB_HighThreat_2_20260407_031225.csv,multiple_runs_DB_HighThreat_2_20260407_031225.csv,ACE,194,250,901,27.746947835738066,Vulnerable
multiple_runs_DB_HighThreat_2_20260407_031225.csv,multiple_runs_DB_HighThreat_2_20260407_031225.csv,ACE,195,4,938,0.42643923240938164,Resilient
multiple_runs_DB_HighThreat_2_20260407_031225.csv,multiple_runs_DB_HighThreat_2_20260407_031225.csv,ACE,196,247,1001,24.675324675324674,Vulnerable
multiple_runs_DB_HighThreat_2_20260407_031225.csv,multiple_runs_DB_HighThreat_2_20260407_031225.csv,ACE,197,147,1182,12.436548223350254,Intermediate
multiple_runs_DB_HighThreat_2_20260407_031225.csv,multiple_runs_DB_HighThreat_2_20260407_031225.csv,ACE,198,261,908,28.744493392070485,Vulnerable
multiple_runs_DB_HighThreat_2_20260407_031225.csv,multiple_runs_DB_HighThreat_2_20260407_031225.csv,ACE,199,9,1037,0.8678881388621021,Resilient
multiple_runs_DB_HighThreat_2_20260407_031225.csv,multiple_runs_DB_HighThreat_2_20260407_031225.csv,ACE,200,0,978,0.0,Resilient
