allies_condition,healthy_friendliness,community_trusting_vulnerability,protective_behavior,fearful_withdrawn_relationship,willingness_to_flee,learned_helplessness,bully_behavior,aggressive_withdrawn_relationship,dangerous_trust
Standard Allies,11.226415094339623,0.2830188679245283,3.207547169811321,0.09433962264150944,0.0,0.0,33.39622641509434,26.50943396226415,25.28301886792453
Standard Allies,4.85996705107084,0.0,16.556836902800658,0.0,1.400329489291598,0.0,40.44481054365733,26.85337726523888,9.884678747940692
Standard Allies,1.3502779984114377,0.3177124702144559,24.384432088959493,0.0,2.1445591739475773,0.0,39.475774424146145,31.453534551231137,0.8737092930897538
Standard Allies,0.0,0.0,27.206477732793523,0.0,0.6477732793522267,0.0,37.73279352226721,33.11740890688259,1.2955465587044535
Standard Allies,0.0,0.0,16.518650088809945,0.08880994671403197,0.8880994671403197,0.0,42.53996447602132,37.47779751332149,2.4866785079928952
Standard Allies,2.6473099914602902,0.0,14.944491887275833,0.0,0.3415883859948762,0.0,46.712211784799315,30.31596925704526,5.038428693424423
Standard Allies,0.22675736961451248,0.0,14.399092970521542,0.11337868480725624,0.0,0.0,38.54875283446712,44.78458049886621,1.927437641723356
Standard Allies,0.08163265306122448,0.0,22.448979591836736,0.24489795918367346,0.8979591836734694,0.0,35.83673469387755,29.714285714285715,10.775510204081632
Standard Allies,0.0,0.0,25.648213034337772,0.0,1.401541695865452,0.0,44.358794674141556,26.559215136650316,2.032235459004905
Standard Allies,9.318637274549099,0.0,4.709418837675351,0.30060120240480964,0.30060120240480964,0.0,35.170340681362724,30.460921843687373,19.739478957915832
Standard Allies,1.5402843601895735,0.0,8.175355450236967,0.11848341232227488,0.0,0.0,42.654028436018955,45.497630331753555,2.014218009478673
Standard Allies,0.16652789342214822,0.0,23.397169025811824,0.33305578684429643,1.4987510407993339,0.0,39.217318900915906,32.88925895087427,2.4979184013322233
Standard Allies,0.0,0.0,28.095975232198143,0.0,0.6191950464396285,0.0,37.693498452012385,32.585139318885446,1.0061919504643964
Standard Allies,10.568383658969804,0.17761989342806395,26.642984014209592,0.0,0.0,0.0,29.840142095914743,24.689165186500887,8.081705150976909
Standard Allies,8.960843373493976,0.30120481927710846,19.728915662650603,0.0,0.30120481927710846,0.0,37.80120481927711,21.762048192771083,11.144578313253012
Standard Allies,1.601281024819856,0.4803843074459568,26.180944755804642,0.32025620496397117,2.00160128102482,0.0,35.30824659727782,28.66293034427542,5.44435548438751
Standard Allies,0.0,0.08045052292839903,20.514883346741755,0.0,0.7240547063555913,0.0,38.213998390989545,32.180209171359614,8.2864038616251
Standard Allies,0.0,0.0,24.667133847231955,0.0,0.7708479327259986,0.0,46.60126138752628,26.3489838822705,1.6117729502452698
Standard Allies,0.0,0.0,12.452830188679245,0.18867924528301888,0.7547169811320755,0.0,43.9622641509434,37.924528301886795,4.716981132075472
Standard Allies,13.212669683257918,0.0,9.411764705882353,0.09049773755656108,0.27149321266968324,0.0,28.235294117647058,21.266968325791854,27.511312217194572
Standard Allies,2.240325865580448,0.20366598778004075,17.10794297352342,0.20366598778004075,0.20366598778004075,0.0,41.54786150712831,35.64154786150713,2.8513238289205702
Standard Allies,15.799432355723747,0.3784295175023652,5.4872280037842955,0.0,0.1892147587511826,0.0,25.354777672658468,20.719016083254495,32.07190160832545
Standard Allies,15.182755388940956,0.0,3.561387066541706,0.09372071227741331,0.6560449859418932,0.0,28.116213683223993,21.836925960637302,30.55295220243674
Standard Allies,0.6329113924050633,0.0,16.877637130801688,0.0,0.14064697609001406,0.0,52.53164556962025,28.69198312236287,1.1251758087201125
Standard Allies,10.229976209357652,0.0,15.939730372720064,0.0,0.23790642347343377,0.0,40.44409199048374,21.88739095955591,11.2609040444092
Standard Allies,7.287157287157287,0.0,14.862914862914863,0.0,0.21645021645021645,0.0,41.702741702741704,23.881673881673883,12.04906204906205
Standard Allies,7.216494845360825,0.3865979381443299,12.5,0.0,0.0,0.0,36.98453608247423,40.59278350515464,2.3195876288659796
Standard Allies,3.7341299477221805,0.4480955937266617,15.758028379387603,0.0,0.4480955937266617,0.0,39.656460044809556,25.914861837191935,14.0403286034354
Standard Allies,7.174887892376682,0.11210762331838565,14.125560538116591,0.0,1.0089686098654709,0.0,36.65919282511211,36.65919282511211,4.260089686098655
Standard Allies,7.164179104477612,0.0,20.52238805970149,0.0,0.0,0.0,38.95522388059702,23.28358208955224,10.074626865671641
Standard Allies,2.936096718480138,0.17271157167530224,24.956822107081173,0.0,0.7772020725388601,0.0,35.83765112262522,30.13816925734024,5.181347150259067
Standard Allies,7.782672540381792,0.0,22.026431718061673,0.0,0.0,0.0,40.161527165932455,22.980910425844346,7.048458149779735
Standard Allies,5.241264559068219,0.415973377703827,21.46422628951747,0.0,0.0,0.0,34.69217970049917,27.537437603993343,10.64891846921797
Standard Allies,7.308684436801376,0.0,20.206362854686155,0.0,0.0,0.0,33.27601031814273,25.27944969905417,13.929492691315563
Standard Allies,2.584670231729055,0.08912655971479501,22.01426024955437,0.08912655971479501,1.6042780748663101,0.0,39.12655971479501,31.729055258467024,2.762923351158645
Standard Allies,4.967602591792657,0.0,20.734341252699785,0.0,1.8718502519798417,0.0,42.04463642908567,22.67818574514039,7.703383729301656
Standard Allies,9.069767441860465,0.3488372093023256,12.44186046511628,0.6976744186046512,0.11627906976744186,0.0,37.325581395348834,37.2093023255814,2.7906976744186047
Standard Allies,1.7014694508894044,0.0,23.74323279195669,0.0,1.5467904098994587,0.0,40.52590873936582,31.786542923433874,0.6960556844547564
Standard Allies,0.28846153846153844,0.0,15.0,0.0,0.38461538461538464,0.0,43.84615384615385,37.40384615384615,3.076923076923077
Standard Allies,6.1773255813953485,0.14534883720930233,13.662790697674419,0.0,0.0,0.0,40.18895348837209,24.709302325581394,15.116279069767442
Standard Allies,0.6028636021100227,0.07535795026375283,14.318010550113037,0.0,2.0346646571213265,0.0,48.90730972117559,32.780708364732476,1.281085154483798
Standard Allies,2.541630148992112,0.5258545135845749,20.333041191936896,0.0,0.43821209465381245,0.0,37.24802804557406,31.814198071866784,7.099035933391762
Standard Allies,0.0,0.0,18.94484412470024,0.15987210231814547,0.31974420463629094,0.0,40.12789768185451,30.535571542765787,9.91207034372502
Standard Allies,6.769494430162811,0.0,19.53727506426735,0.0,0.1713796058269066,0.0,33.7617823479006,27.934875749785775,11.825192802056556
Standard Allies,6.811451135241856,0.0,13.030602171767029,0.29615004935834155,0.39486673247778875,0.0,44.52122408687068,32.379072063178675,2.566633761105627
Standard Allies,8.538461538461538,0.0,14.923076923076923,0.0,0.0,0.0,38.61538461538461,22.76923076923077,15.153846153846153
Standard Allies,1.1952191235059761,0.398406374501992,12.649402390438247,0.796812749003984,0.896414342629482,0.0,41.832669322709165,39.44223107569721,2.7888446215139444
Standard Allies,0.0,0.076103500761035,26.484018264840184,0.0,0.60882800608828,0.0,40.182648401826484,29.52815829528158,3.1202435312024352
Standard Allies,0.6809338521400778,0.0,16.147859922178988,0.2918287937743191,2.237354085603113,0.0,44.06614785992218,34.63035019455253,1.9455252918287937
Standard Allies,7.014542343883662,0.1710863986313088,20.01710863986313,0.0,0.0,0.0,33.361847733105215,26.518391787852867,12.917023096663815
Standard Allies,17.26078799249531,0.18761726078799248,5.440900562851782,0.0,0.5628517823639775,0.0,26.641651031894934,18.66791744840525,31.23827392120075
Standard Allies,4.541326067211626,0.09082652134423251,5.903723887375113,0.0,0.0,0.0,52.67938237965486,31.244323342415985,5.540417801998183
Standard Allies,0.0,0.3270645952575634,25.0204415372036,0.0,0.8176614881439084,0.0,38.92068683565004,32.70645952575634,2.2076860179885527
Standard Allies,11.11111111111111,0.45351473922902497,12.471655328798185,0.0,0.11337868480725624,0.0,39.682539682539684,31.746031746031747,4.421768707482993
Standard Allies,0.3831417624521073,0.09578544061302682,17.911877394636015,0.09578544061302682,0.0,0.0,41.18773946360153,36.59003831417625,3.735632183908046
Standard Allies,17.15526601520087,0.0,2.0629750271444083,0.6514657980456026,0.0,0.0,28.990228013029316,25.624321389793703,25.5157437567861
Standard Allies,11.948676824378508,0.40096230954290296,3.0473135525260626,0.0,0.5613472333600642,0.0,37.690457097032876,22.213311948676825,24.137931034482758
Standard Allies,0.0,0.0,22.364217252396166,0.0,0.1597444089456869,0.0,38.09904153354633,31.150159744408946,8.226837060702875
Standard Allies,11.081322609472744,0.0,11.974977658623772,0.0,0.3574620196604111,0.0,36.46112600536193,23.056300268096514,17.06881143878463
Standard Allies,0.0,0.2994011976047904,12.674650698602795,0.1996007984031936,1.3972055888223553,0.0,43.11377245508982,38.522954091816366,3.7924151696606785
Standard Allies,7.6923076923076925,0.25929127052722556,10.285220397579948,0.0,0.08643042350907519,0.0,46.24027657735523,27.139152981849612,8.297320656871218
Standard Allies,8.554125662376988,0.0,18.01665404996215,0.0,0.3028009084027252,0.0,40.95382286146859,23.23996971990916,8.932626797880394
Standard Allies,0.42016806722689076,0.08403361344537816,19.41176470588235,0.08403361344537816,2.100840336134454,0.0,40.67226890756302,35.46218487394958,1.7647058823529411
Standard Allies,1.4388489208633093,0.07993605115907274,22.861710631494805,0.5595523581135092,1.518784972022382,0.0,36.051159072741804,31.81454836131095,5.675459632294165
Standard Allies,0.5763688760806917,0.0,5.475504322766571,0.0,0.0,0.0,53.89048991354467,37.944284341978864,2.1133525456292026
Standard Allies,15.849056603773585,0.0,2.9245283018867925,0.09433962264150944,0.09433962264150944,0.0,29.339622641509433,21.32075471698113,30.37735849056604
Standard Allies,12.265193370165745,0.0,6.740331491712707,0.3314917127071823,0.0,0.0,34.3646408839779,31.38121546961326,14.917127071823204
Standard Allies,1.7585931254996003,0.07993605115907274,29.17665867306155,0.0,1.4388489208633093,0.0,35.891286970423664,29.896083133493207,1.7585931254996003
Standard Allies,0.0,0.6024096385542169,14.939759036144578,0.0,0.24096385542168675,0.0,30.72289156626506,51.44578313253012,2.0481927710843375
Standard Allies,7.756813417190775,0.0,5.765199161425577,0.10482180293501048,0.0,0.0,38.9937106918239,33.857442348008384,13.522012578616351
Standard Allies,13.318777292576419,0.0,4.6943231441048034,0.7641921397379913,0.0,0.0,32.20524017467249,27.83842794759825,21.179039301310045
Standard Allies,14.398422090729783,0.0,6.508875739644971,0.0,0.2958579881656805,0.0,33.629191321499015,24.95069033530572,20.216962524654832
Standard Allies,0.0,0.2846975088967972,18.00711743772242,0.0,2.491103202846975,0.0,45.05338078291815,27.82918149466192,6.334519572953736
Standard Allies,13.523459061637535,0.27598896044158233,10.119595216191353,0.09199632014719411,0.0,0.0,27.874885004599815,22.539098436062556,25.57497700091996
Standard Allies,13.66120218579235,0.0,5.828779599271402,0.09107468123861566,0.273224043715847,0.0,27.50455373406193,22.22222222222222,30.418943533697632
Standard Allies,1.9984012789768186,0.0,18.864908073541166,0.0,0.23980815347721823,0.0,38.60911270983213,31.334932054356514,8.952837729816148
Standard Allies,0.0,0.350385423966363,25.788367203924317,0.0,1.1913104414856341,0.0,44.639103013314646,26.97967764540995,1.051156271899089
Standard Allies,3.995560488346282,0.22197558268590456,14.206437291897892,0.22197558268590456,0.0,0.0,42.06437291897891,37.735849056603776,1.5538290788013318
Standard Allies,8.605577689243027,0.0796812749003984,13.944223107569721,0.0,0.6374501992031872,0.0,36.97211155378486,21.752988047808763,18.00796812749004
Standard Allies,0.06920415224913495,0.0,26.43598615916955,0.0,0.06920415224913495,0.0,45.46712802768166,26.71280276816609,1.245674740484429
Standard Allies,2.8528528528528527,0.37537537537537535,7.057057057057057,0.0,1.5015015015015014,0.0,55.78078078078078,27.92792792792793,4.504504504504505
Standard Allies,0.08237232289950576,0.08237232289950576,27.26523887973641,0.0,0.4942339373970346,0.0,38.056013179571664,32.37232289950577,1.6474464579901154
Standard Allies,15.184815184815184,0.2997002997002997,9.79020979020979,0.0999000999000999,0.0,0.0,29.57042957042957,23.676323676323676,21.37862137862138
Standard Allies,7.2388059701492535,0.0,20.223880597014926,0.0,0.0,0.0,41.56716417910448,21.865671641791046,9.104477611940299
Standard Allies,7.592891760904685,0.08077544426494346,19.78998384491115,0.0,0.40387722132471726,0.0,37.237479806138936,21.324717285945074,13.5702746365105
Standard Allies,10.61865189289012,0.0,7.386888273314866,0.18467220683287167,0.0,0.0,30.101569713758078,24.469067405355496,27.239150507848567
Standard Allies,0.9018036072144289,0.30060120240480964,14.02805611222445,0.20040080160320642,2.004008016032064,0.0,40.88176352705411,40.28056112224449,1.402805611222445
Standard Allies,1.5923566878980893,0.0,10.615711252653927,0.21231422505307856,0.0,0.0,45.64755838641189,40.445859872611464,1.4861995753715498
Standard Allies,9.937888198757763,0.0,11.712511091393079,0.0,0.08873114463176575,0.0,28.66015971606034,23.957409050576754,25.643300798580302
Standard Allies,4.9464138499587795,0.08244023083264633,22.011541632316572,0.0,1.2366034624896949,0.0,33.800494641384994,28.441879637262986,9.480626545754328
Standard Allies,4.575645756457565,0.07380073800738007,16.014760147601475,0.0,0.0,0.0,45.46125461254613,26.051660516605168,7.822878228782288
Standard Allies,5.909797822706065,0.0,17.807153965785382,0.0,0.07776049766718507,0.0,39.346811819595644,24.105754276827373,12.752721617418352
Standard Allies,0.0,0.0,30.295566502463053,0.0,0.6568144499178982,0.0,36.69950738916256,30.870279146141215,1.477832512315271
Standard Allies,13.930348258706468,0.29850746268656714,6.3681592039801,0.19900497512437812,0.0,0.0,28.65671641791045,24.676616915422887,25.870646766169155
Standard Allies,13.608957795004306,0.25839793281653745,10.766580534022394,0.08613264427217916,0.08613264427217916,0.0,31.955211024978468,21.705426356589147,21.533161068044787
Standard Allies,0.317208564631245,0.0,13.402061855670103,0.0,1.0309278350515463,0.0,38.065027755749405,31.641554321966694,15.543219666931007
Standard Allies,0.0,0.0,29.6875,0.0,0.16447368421052633,0.0,37.088815789473685,31.74342105263158,1.3157894736842106
Standard Allies,13.160854893138358,0.6749156355455568,15.29808773903262,0.0,0.3374578177727784,0.0,37.907761529808774,30.033745781777277,2.5871766029246346
Standard Allies,9.664848012470772,0.0,16.056118472330475,0.0,0.0,0.0,37.568199532346064,22.837100545596257,13.87373343725643
Standard Allies,0.0,0.0,12.737430167597765,0.33519553072625696,1.5642458100558658,0.0,39.55307262569833,42.68156424581006,3.1284916201117317
Standard Allies,0.22988505747126436,0.3831417624521073,17.011494252873565,0.0,0.0,0.0,40.15325670498084,28.96551724137931,13.256704980842912
Standard Allies,7.435653002859866,0.0,4.7664442326024785,0.8579599618684461,0.2859866539561487,0.0,34.0324118207817,29.170638703527167,23.450905624404193
Standard Allies,3.820598006644518,0.24916943521594684,26.495016611295682,0.0,1.079734219269103,0.0,36.461794019933556,29.069767441860463,2.823920265780731
Standard Allies,6.743421052631579,0.24671052631578946,8.388157894736842,0.0,0.9868421052631579,0.0,33.141447368421055,28.042763157894736,22.450657894736842
Standard Allies,6.050228310502283,0.0,6.164383561643835,0.0,0.0,0.0,32.64840182648402,38.013698630136986,17.123287671232877
Standard Allies,39.04761904761905,0.0,0.0,0.0,0.0,0.0,22.38095238095238,0.47619047619047616,38.095238095238095
Standard Allies,0.0,0.0,24.75862068965517,0.0,1.2413793103448276,0.0,43.310344827586206,27.724137931034484,2.9655172413793105
Standard Allies,17.15362865221489,0.0942507068803016,5.27803958529689,0.2827521206409048,0.471253534401508,0.0,25.447690857681433,19.604147031102734,31.66823751178134
Standard Allies,8.652094717668488,0.0,6.0109289617486334,0.273224043715847,0.0,0.0,32.96903460837887,27.049180327868854,25.04553734061931
Standard Allies,0.42689434364994666,0.10672358591248667,12.059765208110992,0.7470651013874067,0.0,0.0,43.970117395944506,41.72892209178229,0.96051227321238
Standard Allies,2.1256038647342996,0.0966183574879227,13.719806763285025,0.1932367149758454,0.0,0.0,40.0,36.03864734299517,7.826086956521739
Standard Allies,15.398550724637682,0.4528985507246377,4.619565217391305,0.0,0.4528985507246377,0.0,26.268115942028984,21.3768115942029,31.431159420289855
Standard Allies,0.7234726688102894,0.24115755627009647,24.276527331189712,0.0,1.045016077170418,0.0,41.39871382636656,31.7524115755627,0.5627009646302251
Standard Allies,0.1554001554001554,0.0,19.036519036519035,0.0,1.7871017871017871,0.0,40.01554001554002,32.09013209013209,6.915306915306915
Standard Allies,1.302325581395349,0.37209302325581395,18.046511627906977,0.0,0.6511627906976745,0.0,41.48837209302326,36.0,2.13953488372093
Standard Allies,5.378020265003897,0.0779423226812159,17.1473109898675,0.0,0.5455962587685113,0.0,38.815276695245515,25.331254871395167,12.704598597038192
Standard Allies,1.3114754098360655,0.2459016393442623,15.901639344262295,0.0,2.1311475409836067,0.0,38.77049180327869,31.80327868852459,9.836065573770492
Standard Allies,15.250965250965251,0.3861003861003861,4.2471042471042475,0.0,0.28957528957528955,0.0,27.027027027027028,21.042471042471043,31.756756756756758
Standard Allies,2.357207615593835,0.0,16.228467815049864,0.1813236627379873,1.3599274705349047,0.0,39.70988213961922,33.63553943789665,6.527651858567543
Standard Allies,0.0,0.0,25.708502024291498,0.0,0.47233468286099867,0.0,45.81646423751687,26.31578947368421,1.6869095816464237
Standard Allies,10.119047619047619,0.0,7.738095238095238,0.1984126984126984,0.1984126984126984,0.0,33.333333333333336,27.77777777777778,20.634920634920636
Standard Allies,0.0,0.0757002271006813,15.66994700984103,0.0,1.7411052233156699,0.0,47.00984102952309,31.188493565480698,4.314912944738834
Standard Allies,13.408393039918117,0.0,5.322415557830092,0.1023541453428864,0.0,0.0,34.28863868986694,27.328556806550665,19.5496417604913
Standard Allies,6.819984139571768,0.317208564631245,9.516256938937351,0.0,0.0,0.0,44.25059476605868,24.742268041237114,14.353687549563839
Standard Allies,6.496519721577727,0.0,19.02552204176334,0.07733952049497293,0.30935808197989173,0.0,41.453982985305494,20.88167053364269,11.755607115235886
Standard Allies,5.410279531109107,0.0,19.296663660955815,0.09017132551848513,2.434625788999098,0.0,40.036068530207395,30.928764652840396,1.8034265103697025
Standard Allies,13.524590163934427,0.0,5.020491803278689,0.10245901639344263,0.20491803278688525,0.0,31.25,27.151639344262296,22.74590163934426
Standard Allies,0.5907172995780591,0.08438818565400844,29.19831223628692,0.25316455696202533,1.9409282700421941,0.0,34.09282700421941,31.223628691983123,2.6160337552742616
Standard Allies,1.727447216890595,0.0,11.324376199616124,0.0,0.19193857965451055,0.0,42.80230326295585,37.23608445297505,6.717850287907869
Standard Allies,7.194244604316546,0.3996802557953637,9.432454036770583,0.0,0.07993605115907274,0.0,36.21103117505995,25.09992006394884,21.58273381294964
Standard Allies,2.1739130434782608,0.3952569169960474,15.41501976284585,0.691699604743083,0.3952569169960474,0.0,43.280632411067195,35.869565217391305,1.7786561264822134
Standard Allies,0.37629350893697083,0.0,18.250235183443085,0.0,0.8466603951081844,0.0,40.07525870178739,34.52492944496707,5.9266227657572905
Standard Allies,5.451713395638629,0.0,20.638629283489095,0.0,0.3115264797507788,0.0,40.03115264797508,23.98753894080997,9.57943925233645
Standard Allies,0.0,0.39588281868566905,26.99920823436263,0.0,0.8709422011084719,0.0,38.71733966745843,31.512272367379257,1.5043547110055424
Standard Allies,8.12227074235808,0.26200873362445415,4.62882096069869,0.17467248908296942,0.17467248908296942,0.0,38.951965065502186,24.890829694323145,22.79475982532751
Standard Allies,0.4854368932038835,0.970873786407767,13.470873786407767,0.0,0.0,0.0,35.922330097087375,47.69417475728155,1.4563106796116505
Standard Allies,7.575757575757576,0.0,17.651515151515152,0.0,0.0,0.0,40.07575757575758,22.651515151515152,12.045454545454545
Standard Allies,0.2,0.6,9.8,0.0,2.3,0.0,46.2,40.2,0.7
Standard Allies,0.33030553261767137,0.0,29.892650701899257,0.0,0.0,0.0,36.085879438480596,30.5532617671346,3.137902559867878
Standard Allies,0.0,0.2846299810246679,23.055028462998102,0.0,0.3795066413662239,0.0,39.18406072106262,33.776091081593925,3.3206831119544593
Standard Allies,0.6217616580310881,0.0,9.844559585492227,0.0,1.0362694300518134,0.0,44.870466321243526,42.17616580310881,1.450777202072539
Standard Allies,0.0,0.13395847287340926,24.78231748158071,0.0,0.13395847287340926,0.0,46.4166108506363,27.193569993302077,1.3395847287340925
Standard Allies,6.0606060606060606,0.2932551319648094,16.52003910068426,0.09775171065493646,2.150537634408602,0.0,39.784946236559136,32.25806451612903,2.8347996089931575
Standard Allies,10.184372256365233,0.0,11.237928007023704,0.08779631255487269,0.17559262510974538,0.0,30.114135206321336,25.548726953467956,22.651448639157156
Standard Allies,6.77710843373494,0.0,19.80421686746988,0.0,0.22590361445783133,0.0,41.1144578313253,22.59036144578313,9.487951807228916
Standard Allies,18.181818181818183,0.2244668911335578,3.367003367003367,0.0,0.0,0.0,29.068462401795735,25.028058361391693,24.130190796857462
Standard Allies,6.651549508692366,0.0,16.3265306122449,0.0,0.22675736961451248,0.0,39.909297052154194,22.146636432350718,14.739229024943311
Standard Allies,23.20887991927346,0.0,1.311806256306761,0.0,0.8072653884964682,0.0,24.520686175580224,17.86074672048436,32.29061553985873
Standard Allies,0.8571428571428571,0.0,8.285714285714286,0.0,0.0,0.0,49.333333333333336,34.19047619047619,7.333333333333333
Standard Allies,7.649842271293376,0.0,17.271293375394322,0.0,0.0,0.0,40.694006309148264,23.817034700315457,10.56782334384858
Standard Allies,0.0,0.0,23.554603854389722,0.0,1.1420413990007139,0.0,44.39685938615275,29.193433261955747,1.7130620985010707
Standard Allies,8.739365815931942,0.0,19.02552204176334,0.0,0.0,0.0,37.74168600154679,21.11368909512761,13.379737045630318
Standard Allies,0.46893317702227433,0.23446658851113716,10.550996483001173,0.0,0.23446658851113716,0.0,42.20398593200469,43.84525205158265,2.4618991793669402
Standard Allies,1.0682004930156122,0.08216926869350863,18.73459326211997,0.08216926869350863,1.314708299096138,0.0,37.55135579293344,29.663105998356613,11.503697617091207
Standard Allies,2.060085836909871,0.0,11.158798283261802,0.0,1.6309012875536482,0.0,38.02575107296137,31.673819742489272,15.450643776824034
Standard Allies,23.958333333333332,0.0,2.6785714285714284,0.0,0.0,0.0,14.285714285714286,30.357142857142858,28.720238095238095
Standard Allies,2.6182432432432434,0.0,27.618243243243242,0.0,0.2533783783783784,0.0,35.05067567567568,31.33445945945946,3.125
Standard Allies,0.17825311942959002,0.26737967914438504,17.112299465240643,0.0,1.3368983957219251,0.0,43.672014260249554,35.650623885918,1.7825311942959001
Standard Allies,7.718993928881179,0.08673026886383348,21.335646140503037,0.0,0.0,0.0,31.22289679098005,24.45793581960104,15.177797051170858
Standard Allies,0.0,0.2356637863315004,29.300864100549884,0.0,0.0,0.0,37.39198743126473,31.81461115475255,1.2568735271013354
Standard Allies,5.097451274362818,0.0,19.565217391304348,0.0,0.4497751124437781,0.0,42.4287856071964,23.91304347826087,8.545727136431784
Standard Allies,10.180623973727421,0.16420361247947454,5.582922824302135,0.0,0.08210180623973727,0.0,35.632183908045974,22.660098522167488,25.697865353037766
Standard Allies,0.0,0.1400560224089636,28.781512605042018,0.0,0.42016806722689076,0.0,43.8375350140056,25.840336134453782,0.9803921568627451
Standard Allies,15.519399249061326,0.0,2.5031289111389237,0.0,0.1251564455569462,0.0,29.536921151439298,34.16770963704631,18.147684605757195
Standard Allies,1.0940919037199124,0.2188183807439825,12.25382932166302,0.0,0.10940919037199125,0.0,43.435448577680525,40.590809628008756,2.297592997811816
Standard Allies,0.28873917228103946,0.0,11.549566891241579,0.28873917228103946,0.19249278152069296,0.0,42.4446583253128,37.921077959576515,7.314725697786333
Standard Allies,11.836379460400348,0.0,5.57006092254134,0.0,0.8703220191470844,0.0,32.724107919930375,20.539599651871193,28.45953002610966
Standard Allies,5.716463414634147,0.0,22.5609756097561,0.0,0.0,0.0,39.78658536585366,22.33231707317073,9.603658536585366
Standard Allies,5.411415863602668,0.0,21.94217939214233,0.0,0.07412898443291327,0.0,40.54855448480356,23.57301704966642,8.450704225352112
Standard Allies,0.2109704641350211,0.0,8.755274261603375,0.2109704641350211,0.0,0.0,46.835443037974684,41.45569620253165,2.5316455696202533
Standard Allies,8.023774145616642,0.0,18.573551263001487,0.0,0.0,0.0,41.010401188707284,23.40267459138187,8.98959881129272
Standard Allies,5.798192771084337,0.15060240963855423,19.352409638554217,0.0,2.6355421686746987,0.0,39.38253012048193,23.41867469879518,9.262048192771084
Standard Allies,5.779334500875657,0.0,12.34676007005254,0.2626970227670753,0.8756567425569177,0.0,31.78633975481611,28.19614711033275,20.75306479859895
Standard Allies,8.741830065359476,0.24509803921568626,1.8790849673202614,0.0,0.8169934640522876,0.0,33.49673202614379,22.30392156862745,32.51633986928105
Standard Allies,0.0,0.1774622892635315,32.475598935226266,0.0,0.0,0.0,34.78260869565217,30.70097604259095,1.8633540372670807
Standard Allies,11.185682326621924,0.0,1.45413870246085,0.22371364653243847,0.0,0.0,36.91275167785235,32.10290827740492,18.120805369127517
Standard Allies,0.0,0.1532567049808429,23.371647509578544,0.0,1.3793103448275863,0.0,38.39080459770115,31.11111111111111,5.593869731800766
Standard Allies,2.3942537909018355,0.23942537909018355,21.94732641660016,0.3192338387869114,0.7182761372705507,0.0,35.5147645650439,30.407023144453312,8.459696727853153
Standard Allies,0.0,0.25020850708924103,17.848206839032528,0.0,1.7514595496246872,0.0,44.12010008340284,33.027522935779814,3.0025020850708923
Standard Allies,0.2109704641350211,0.31645569620253167,12.236286919831224,0.0,0.10548523206751055,0.0,42.29957805907173,42.51054852320675,2.320675105485232
Standard Allies,13.531799729364005,0.13531799729364005,10.284167794316645,0.0,0.0,0.0,30.852503382949934,42.760487144790254,2.435723951285521
Standard Allies,16.40552995391705,0.0,3.7788018433179724,0.0,0.8294930875576036,0.0,27.92626728110599,21.382488479262673,29.677419354838708
Standard Allies,0.8454106280193237,0.12077294685990338,13.043478260869565,0.12077294685990338,0.4830917874396135,0.0,37.19806763285024,45.65217391304348,2.536231884057971
Standard Allies,12.319644839067703,0.33296337402885684,15.871254162042176,0.22197558268590456,1.5538290788013318,0.0,34.07325194228635,30.18867924528302,5.438401775804661
Standard Allies,20.967741935483872,0.0,5.745967741935484,0.20161290322580644,0.3024193548387097,0.0,25.0,21.169354838709676,26.612903225806452
Standard Allies,8.849557522123893,0.0,15.84070796460177,0.08849557522123894,0.0,0.0,32.92035398230089,24.15929203539823,18.141592920353983
Standard Allies,0.36683785766691124,0.22010271460014674,19.95597945707997,0.0,0.7336757153338225,0.0,47.68892149669846,29.640498899486428,1.3939838591342626
Standard Allies,7.196969696969697,0.0,20.757575757575758,0.0,0.0,0.0,38.86363636363637,22.424242424242426,10.757575757575758
Standard Allies,7.866273352999016,0.0,11.897738446411013,0.2949852507374631,0.0,0.0,38.544739429695184,28.908554572271388,12.487708947885938
Standard Allies,19.19096895578551,0.09407337723424271,3.1044214487300095,0.0,0.658513640639699,0.0,26.71683913452493,17.96801505174036,32.26716839134525
Standard Allies,11.7519042437432,0.0,6.093579978237214,0.3264417845484222,0.0,0.0,36.34385201305767,31.01196953210011,14.472252448313384
Standard Allies,0.07564296520423601,0.0,26.096822995461423,0.0,0.8320726172465961,0.0,40.620272314674736,31.240544629349472,1.13464447806354
Standard Allies,0.0,0.07541478129713423,24.585218702865763,0.0,1.1312217194570136,0.0,44.11764705882353,29.18552036199095,0.9049773755656109
Standard Allies,0.0,0.6692160611854685,11.089866156787762,0.28680688336520077,0.5736137667304015,0.0,46.653919694072655,39.48374760994264,1.24282982791587
Standard Allies,13.160854893138358,0.0,3.5995500562429696,0.0,0.0,0.0,32.62092238470191,29.6962879640045,20.92238470191226
Standard Allies,4.200700116686114,0.46674445740956827,8.168028004667445,0.0,0.0,0.0,40.84014002333722,43.05717619603267,3.267211201866978
Standard Allies,0.6463527239150508,0.36934441366574333,18.097876269621423,0.36934441366574333,1.6620498614958448,0.0,40.81255771006464,36.19575253924285,1.8467220683287164
Standard Allies,22.701149425287355,0.3831417624521073,5.555555555555555,0.0,0.4789272030651341,0.0,24.137931034482758,17.911877394636015,28.831417624521073
Standard Allies,3.4709193245778613,0.0,19.606003752345217,0.0,1.0318949343339587,0.0,38.27392120075047,33.58348968105066,4.033771106941838
Standard Allies,4.802867383512544,0.0,11.612903225806452,0.0,0.35842293906810035,0.0,40.0,25.017921146953405,18.2078853046595
Standard Allies,0.0,0.0,0.0,0.0,0.0,0.0,0.0,0.0,0.0
Standard Allies,5.38949772692333,0.12298772318977445,15.934816506709419,0.0759888432565392,0.5894625875738475,0.0,38.378319021369116,29.13271693057782,10.37621066040015
Standard Allies,5.3895687466507365,0.12298934385185055,15.935026486633694,0.07555059693756534,0.5894703551756552,0.0,38.37882474896997,29.132661577250488,10.37590814453005
Standard Allies,12.88861391607928,0.4021477340521908,23.070464237576505,0.36458448416819494,1.7588439357447465,0.0,24.913273084826653,14.291711779393243,22.310360828159176
Standard Allies,0.0,0.0,0.0,0.0,0.0,0.0,85.45454545454545,1.8181818181818181,12.727272727272727
Standard Allies,10.394736842105264,0.3508771929824561,18.026315789473685,0.39473684210526316,1.5350877192982457,0.0,32.76315789473684,19.07894736842105,17.45614035087719
Strong Allies,0.0,0.16025641025641027,23.477564102564102,0.0,0.6410256410256411,0.0,36.217948717948715,32.05128205128205,7.451923076923077
Strong Allies,0.0,0.45558086560364464,25.74031890660592,0.0,1.1389521640091116,0.0,38.344722854973426,29.309035687167807,5.011389521640091
Strong Allies,46.92400482509047,0.0,15.922798552472859,0.0,1.0856453558504222,0.0,4.2219541616405305,0.12062726176115803,31.72496984318456
Strong Allies,7.511210762331839,0.0,10.874439461883409,0.2242152466367713,0.7847533632286996,0.0,43.04932735426009,35.762331838565025,1.7937219730941705
Strong Allies,0.45207956600361665,0.18083182640144665,22.78481012658228,0.0,0.9945750452079566,0.0,39.87341772151899,34.44846292947559,1.2658227848101267
Strong Allies,9.887459807073954,0.0,23.633440514469452,0.0,0.0,0.0,41.07717041800643,20.337620578778136,5.064308681672026
Strong Allies,46.41460234680574,0.0,3.650586701434159,0.39113428943937417,0.7822685788787483,0.0,11.342894393741851,7.170795306388527,30.247718383311604
Strong Allies,50.0,0.0,15.994962216624685,0.0,0.8816120906801007,0.0,3.022670025188917,0.5037783375314862,29.596977329974813
Strong Allies,39.59899749373434,0.12531328320802004,6.390977443609023,0.12531328320802004,0.7518796992481203,0.0,17.418546365914786,10.401002506265664,25.18796992481203
Strong Allies,0.07727975270479134,0.0,20.24729520865533,0.0,0.7727975270479135,0.0,39.64451313755796,32.22565687789799,7.032457496136012
Strong Allies,0.47808764940239046,0.0,12.111553784860558,0.0,0.0,0.0,55.85657370517928,29.243027888446214,2.310756972111554
Strong Allies,52.332361516034986,0.0,3.935860058309038,0.5830903790087464,0.1457725947521866,0.0,13.26530612244898,6.85131195335277,22.886297376093296
Strong Allies,44.39140811455847,0.0,8.711217183770882,0.0,1.3126491646778042,0.0,5.608591885441528,1.7899761336515514,38.18615751789976
Strong Allies,37.68577494692144,0.0,4.033970276008493,0.10615711252653928,1.0615711252653928,0.0,22.929936305732483,7.32484076433121,26.857749469214436
Strong Allies,23.564695801199658,0.0,11.653813196229649,0.0,0.5998286203941731,0.0,32.04798628963153,10.796915167095115,21.336760925449873
Strong Allies,0.8503401360544217,0.42517006802721086,22.193877551020407,0.0,1.870748299319728,0.0,41.58163265306123,31.122448979591837,1.9557823129251701
Strong Allies,0.5516154452324665,0.0,28.13238770685579,0.0,0.6304176516942475,0.0,39.00709219858156,28.99921197793538,2.6792750197005515
Strong Allies,0.46425255338904364,0.0,19.87000928505107,0.0,0.09285051067780872,0.0,42.989786443825444,35.56174558960074,1.021355617455896
Strong Allies,5.744336569579288,0.0,20.22653721682848,0.0,0.4854368932038835,0.0,40.93851132686084,27.508090614886733,5.097087378640777
Strong Allies,34.95049504950495,0.39603960396039606,16.138613861386137,0.0,0.297029702970297,0.0,21.88118811881188,4.0594059405940595,22.277227722772277
Strong Allies,0.16090104585679807,0.0,27.111826226870473,0.0,1.9308125502815767,0.0,38.37489943684634,32.09975864843121,0.32180209171359614
Strong Allies,5.213270142180095,0.1895734597156398,7.867298578199052,0.1895734597156398,0.5687203791469194,0.0,43.22274881516588,33.08056872037915,9.66824644549763
Strong Allies,0.8385744234800838,0.10482180293501048,17.19077568134172,6.918238993710692,0.0,0.0,40.461215932914044,32.80922431865828,1.6771488469601676
Strong Allies,1.926040061633282,0.539291217257319,25.654853620955315,0.0,1.386748844375963,0.0,41.294298921417564,28.505392912172574,0.6933744221879815
Strong Allies,9.162717219589258,0.0,24.407582938388625,0.0,0.0,0.0,39.652448657187996,19.510268562401265,7.2669826224328595
Strong Allies,39.20335429769392,0.6289308176100629,14.360587002096436,0.0,0.0,0.0,21.90775681341719,1.4675052410901468,22.431865828092242
Strong Allies,16.027874564459932,0.4645760743321719,14.634146341463415,0.0,0.11614401858304298,0.0,35.656213704994194,29.152148664343787,3.948896631823461
Strong Allies,52.63157894736842,0.0,2.9411764705882355,0.30959752321981426,0.30959752321981426,0.0,10.681114551083592,9.597523219814242,23.529411764705884
Strong Allies,2.391118701964133,0.4269854824935952,27.83945345858241,0.0,0.0,0.0,34.50042698548249,29.974380871050386,4.867634500426986
Strong Allies,38.96296296296296,0.0,4.148148148148148,0.14814814814814814,0.0,0.0,19.11111111111111,23.25925925925926,14.37037037037037
Strong Allies,0.0,0.0,24.224021592442647,0.0,1.349527665317139,0.0,45.34412955465587,27.800269905533064,1.2820512820512822
Strong Allies,6.330472103004292,0.4291845493562232,16.952789699570815,0.4291845493562232,0.0,0.0,38.73390557939914,35.622317596566525,1.502145922746781
Strong Allies,6.551724137931035,0.11494252873563218,9.310344827586206,0.22988505747126436,0.0,0.0,42.18390804597701,38.735632183908045,2.8735632183908044
Strong Allies,0.34071550255536626,0.0,13.798977853492334,0.0,1.5332197614991483,0.0,42.50425894378194,32.02725724020443,9.795570698466781
Strong Allies,4.5822102425876015,0.0,21.83288409703504,0.0,0.5390835579514824,0.0,37.735849056603776,32.075471698113205,3.234501347708895
Strong Allies,55.60675883256528,0.15360983102918588,2.61136712749616,0.0,0.0,0.0,13.056835637480798,9.831029185867896,18.740399385560675
Strong Allies,51.775956284153004,0.0,3.9617486338797816,0.273224043715847,0.4098360655737705,0.0,10.109289617486338,4.098360655737705,29.371584699453553
Strong Allies,1.5,0.0,22.666666666666668,0.0,0.9166666666666666,0.0,39.166666666666664,31.333333333333332,4.416666666666667
Strong Allies,0.23715415019762845,0.07905138339920949,26.561264822134387,0.0,1.1067193675889329,0.0,38.3399209486166,32.17391304347826,1.5019762845849802
Strong Allies,45.38288288288288,0.0,6.418918918918919,0.0,0.6756756756756757,0.0,10.81081081081081,0.0,36.711711711711715
Strong Allies,45.10686164229471,0.0,10.348706411698538,0.0,1.0123734533183353,0.0,10.686164229471316,1.5748031496062993,31.271091113610797
Strong Allies,51.63487738419619,0.4087193460490463,13.896457765667575,0.0,0.2724795640326976,0.0,10.217983651226158,2.861035422343324,20.708446866485012
Strong Allies,2.6770293609671847,0.4317789291882556,15.544041450777202,0.0,0.9499136442141624,0.0,37.47841105354059,32.12435233160622,10.79447322970639
Strong Allies,13.048368953880765,0.2249718785151856,11.69853768278965,0.1124859392575928,0.4499437570303712,0.0,38.47019122609674,28.571428571428573,7.424071991001125
Strong Allies,37.39376770538244,0.42492917847025496,6.657223796033994,0.42492917847025496,0.0,0.0,20.39660056657224,18.69688385269122,16.005665722379604
Strong Allies,0.18604651162790697,0.09302325581395349,18.88372093023256,0.0,0.0,0.0,44.27906976744186,34.97674418604651,1.5813953488372092
Strong Allies,38.63157894736842,0.42105263157894735,19.157894736842106,0.0,0.42105263157894735,0.0,19.789473684210527,1.263157894736842,20.31578947368421
Strong Allies,57.48930099857347,0.28530670470756064,7.275320970042796,0.0,0.0,0.0,5.848787446504993,0.9985734664764622,28.102710413694723
Strong Allies,2.3360287511230906,0.44923629829290207,16.442048517520217,0.08984725965858041,0.2695417789757412,0.0,39.4429469901168,34.4115004492363,6.55884995507637
Strong Allies,38.72491145218418,0.0,3.3057851239669422,0.0,0.9445100354191264,0.0,17.9456906729634,6.257378984651712,32.82172373081464
Strong Allies,46.77222898903776,0.0,9.135200974421437,0.0,0.730816077953715,0.0,5.724725943970768,0.1218026796589525,37.51522533495737
Strong Allies,0.624512099921936,0.39032006245121,26.15144418423107,0.0,0.0,0.0,37.47072599531616,31.928181108508976,3.4348165495706477
Strong Allies,48.275862068965516,0.0,20.689655172413794,0.0,0.8323424494649228,0.0,4.042806183115339,0.11890606420927467,26.040428061831154
Strong Allies,0.29411764705882354,0.29411764705882354,12.647058823529411,0.09803921568627451,0.5882352941176471,0.0,42.15686274509804,37.254901960784316,6.666666666666667
Strong Allies,3.5776614310645725,0.08726003490401396,9.947643979057592,0.0,0.4363001745200698,0.0,51.832460732984295,31.93717277486911,2.181500872600349
Strong Allies,48.22222222222222,0.0,14.222222222222221,0.0,1.1111111111111112,0.0,7.777777777777778,1.2222222222222223,27.444444444444443
Strong Allies,0.8960573476702509,0.0,13.261648745519713,0.0,0.8064516129032258,0.0,41.308243727598565,35.30465949820788,8.422939068100359
Strong Allies,38.6317907444668,0.2012072434607646,10.462776659959758,0.0,0.6036217303822937,0.0,20.824949698189133,3.0181086519114686,26.25754527162978
Strong Allies,9.523809523809524,0.0,15.8008658008658,0.0,0.0,0.0,39.71861471861472,33.00865800865801,1.948051948051948
Strong Allies,40.51825677267373,0.35335689045936397,4.829210836277974,0.0,0.23557126030624265,0.0,22.850412249705535,7.656065959952886,23.557126030624264
Strong Allies,18.190045248868778,0.45248868778280543,22.352941176470587,0.0,0.0,0.0,29.773755656108598,20.72398190045249,8.506787330316742
Strong Allies,0.07892659826361484,0.0,6.945540647198106,0.0,0.07892659826361484,0.0,36.38516179952644,31.64956590370955,24.861878453038674
Strong Allies,43.73368146214099,0.13054830287206268,3.2637075718015667,0.26109660574412535,0.0,0.0,16.318537859007833,9.007832898172325,27.284595300261095
Strong Allies,42.0353982300885,0.0,4.20353982300885,0.0,1.6592920353982301,0.0,14.601769911504425,1.6592920353982301,35.84070796460177
Strong Allies,0.07668711656441718,0.07668711656441718,26.073619631901842,0.0,0.843558282208589,0.0,39.18711656441718,32.20858895705521,1.5337423312883436
Strong Allies,0.7627118644067796,0.423728813559322,6.52542372881356,0.0,0.0,0.0,45.847457627118644,31.10169491525424,15.338983050847459
Strong Allies,2.766135792120704,0.0,29.67309304274937,0.0,1.0896898575020955,0.0,35.5406538139145,28.583403185247274,2.347024308466052
Strong Allies,39.40724478594951,0.43907793633369924,4.610318331503842,0.0,0.5488474204171241,0.0,21.075740944017564,5.378704720087816,28.54006586169045
Strong Allies,5.35077288941736,0.4756242568370987,15.457788347205707,1.6646848989298455,3.56718192627824,0.0,33.41260404280618,36.74197384066587,3.329369797859691
Strong Allies,43.34470989761092,0.0,27.64505119453925,0.0,0.22753128555176336,0.0,8.646188850967008,3.7542662116040955,16.38225255972696
Strong Allies,11.824014665444546,0.09165902841429881,12.28230980751604,0.0,0.0,0.0,43.26306141154904,24.106324472960587,8.43263061411549
Strong Allies,48.600508905852415,0.0,2.7989821882951653,0.0,0.8905852417302799,0.0,12.086513994910941,3.6895674300254453,31.93384223918575
Strong Allies,38.02197802197802,0.0,24.945054945054945,0.0,0.989010989010989,0.0,16.593406593406595,1.978021978021978,17.47252747252747
Strong Allies,5.701754385964913,0.0,20.17543859649123,0.0,0.21929824561403508,0.0,42.324561403508774,24.926900584795323,6.652046783625731
Strong Allies,47.15151515151515,0.0,13.212121212121213,0.0,0.12121212121212122,0.0,4.7272727272727275,0.48484848484848486,34.303030303030305
Strong Allies,48.51063829787234,0.0,5.531914893617022,0.0,0.851063829787234,0.0,7.5177304964539005,3.971631205673759,33.61702127659574
Strong Allies,35.4577056778679,0.8111239860950173,36.848203939745076,1.2746234067207416,0.0,0.0,11.239860950173812,7.068366164542295,7.300115874855156
Strong Allies,15.97682119205298,0.33112582781456956,21.274834437086092,0.0,0.16556291390728478,0.0,32.69867549668874,19.039735099337747,10.513245033112582
Strong Allies,2.335279399499583,0.0,22.93577981651376,0.0,0.16680567139282734,0.0,41.618015012510426,31.02585487906589,1.9182652210175146
Strong Allies,2.8810408921933086,0.4646840148698885,14.219330855018587,0.0,1.0223048327137547,0.0,43.58736059479554,33.36431226765799,4.4609665427509295
Strong Allies,0.0,0.15491866769945778,27.575522850503486,0.0,1.0844306738962044,0.0,39.19442292796282,30.13168086754454,1.8590240123934934
Strong Allies,47.50593824228029,0.2375296912114014,15.320665083135392,0.0,1.4251781472684086,0.0,3.2066508313539193,0.9501187648456056,31.35391923990499
Strong Allies,37.06992230854606,0.0,11.098779134295228,0.0,1.4428412874583796,0.0,11.653718091009988,6.548279689234184,32.18645948945616
Strong Allies,0.0,0.0,27.187274041937815,0.0,0.0,0.0,42.29934924078091,28.63340563991323,1.8799710773680405
Strong Allies,7.4557315936626285,0.1863932898415657,15.00465983224604,0.0,0.1863932898415657,0.0,44.920782851817336,30.941286113699906,1.30475302889096
Strong Allies,50.182704019488426,1.0962241169305724,8.28258221680877,0.0,0.730816077953715,0.0,4.993909866017052,0.3654080389768575,34.348355663824606
Strong Allies,6.578947368421052,0.30364372469635625,20.647773279352226,0.20242914979757085,0.5060728744939271,0.0,39.068825910931174,30.364372469635626,2.327935222672065
Strong Allies,26.421404682274247,0.0,10.813823857302118,0.0,0.4459308807134894,0.0,23.63433667781494,16.276477146042364,22.40802675585284
Strong Allies,0.34965034965034963,0.17482517482517482,13.374125874125873,0.0,0.8741258741258742,0.0,47.72727272727273,35.31468531468531,2.1853146853146854
Strong Allies,40.83044982698962,0.0,7.497116493656286,0.0,0.922722029988466,0.0,8.650519031141869,2.9988465974625145,39.10034602076124
Strong Allies,5.394190871369295,0.3112033195020747,18.983402489626556,0.0,0.0,0.0,35.37344398340249,35.892116182572614,4.045643153526971
Strong Allies,2.5067144136078783,0.0,21.754700089525514,0.0,0.6266786034019696,0.0,36.794986571172785,32.13965980304387,6.1772605192479855
Strong Allies,0.0,0.0,28.977272727272727,0.0,1.0551948051948052,0.0,36.201298701298704,31.98051948051948,1.7857142857142858
Strong Allies,0.07621951219512195,0.38109756097560976,22.789634146341463,0.0,0.8384146341463414,0.0,44.28353658536585,30.03048780487805,1.600609756097561
Strong Allies,1.4912280701754386,0.43859649122807015,7.368421052631579,0.0,0.0,0.0,55.78947368421053,31.49122807017544,3.4210526315789473
Strong Allies,1.4072847682119205,0.0,12.086092715231787,0.0,0.16556291390728478,0.0,54.80132450331126,29.056291390728475,2.4834437086092715
Strong Allies,52.97450424929178,0.0,5.949008498583569,0.42492917847025496,0.141643059490085,0.0,13.456090651558073,6.090651558073654,20.96317280453258
Strong Allies,8.189655172413794,0.7543103448275862,11.745689655172415,0.0,0.0,0.0,40.84051724137931,35.883620689655174,2.586206896551724
Strong Allies,0.0,0.3333333333333333,27.25,0.0,0.9166666666666666,0.0,37.583333333333336,30.583333333333332,3.3333333333333335
Strong Allies,1.4642549526270456,0.08613264427217916,13.006029285099052,0.0,0.17226528854435832,0.0,47.88975021533161,33.41946597760551,3.962101636520241
Strong Allies,27.09284627092846,0.0,3.1963470319634704,0.0,0.0,0.0,20.700152207001523,36.37747336377473,12.633181126331811
Strong Allies,0.0,0.6428571428571429,26.357142857142858,0.0,0.9285714285714286,0.0,44.285714285714285,26.642857142857142,1.1428571428571428
Strong Allies,9.931766489764973,0.0,22.744503411675513,0.0,0.22744503411675512,0.0,39.575435936315394,21.75890826383624,5.761940864291129
Strong Allies,37.668711656441715,0.0,3.803680981595092,0.36809815950920244,1.1042944785276074,0.0,16.809815950920246,10.061349693251534,30.1840490797546
Strong Allies,9.788566953797964,0.0,22.31793265465936,0.0,0.0,0.0,39.85904463586531,19.655442443226313,8.379013312451058
Strong Allies,0.1652892561983471,0.0,25.537190082644628,0.0,0.3305785123966942,0.0,39.83471074380165,33.14049586776859,0.9917355371900827
Strong Allies,1.068566340160285,0.26714158504007124,19.5013357079252,0.0,1.335707925200356,0.0,39.0026714158504,32.68032056990205,6.144256455921639
Strong Allies,2.0236087689713322,0.0,18.29679595278246,0.0,1.6863406408094435,0.0,41.48397976391231,31.02866779089376,5.480607082630692
Strong Allies,0.6993006993006993,0.13986013986013987,14.265734265734265,0.0,0.06993006993006994,0.0,52.02797202797203,29.93006993006993,2.867132867132867
Strong Allies,0.41124057573680606,0.3427004797806717,24.057573680603152,0.0,0.06854009595613433,0.0,44.962302947224124,28.307059629883483,1.850582590815627
Strong Allies,0.08090614886731391,0.0,30.501618122977348,0.0,0.0,0.0,36.16504854368932,30.339805825242717,2.912621359223301
Strong Allies,38.30703012912482,0.0,4.734576757532281,0.5738880918220947,0.0,0.0,20.22955523672884,12.769010043041607,23.38593974175036
Strong Allies,0.0,0.0,26.880811496196113,0.0,1.4370245139475908,0.0,36.43279797125951,31.614539306847,3.6348267117497888
Strong Allies,0.0,0.07974481658692185,23.205741626794257,0.0,1.1961722488038278,0.0,37.00159489633174,31.818181818181817,6.698564593301436
Strong Allies,31.402439024390244,0.2032520325203252,8.94308943089431,0.0,0.4065040650406504,0.0,25.711382113821138,10.060975609756097,23.272357723577237
Strong Allies,46.721311475409834,0.273224043715847,7.5136612021857925,0.1366120218579235,0.273224043715847,0.0,11.065573770491802,6.0109289617486334,28.005464480874316
Strong Allies,31.135531135531135,0.0,15.384615384615385,0.0,0.0,0.0,26.007326007326007,17.46031746031746,10.012210012210012
Strong Allies,27.7319587628866,0.10309278350515463,3.814432989690722,0.30927835051546393,0.6185567010309279,0.0,32.88659793814433,13.29896907216495,21.237113402061855
Strong Allies,53.06748466257669,0.4601226993865031,6.288343558282208,1.0736196319018405,0.0,0.0,14.570552147239264,7.975460122699387,16.56441717791411
Strong Allies,0.16474464579901152,0.0,23.228995057660626,0.0,1.729818780889621,0.0,38.38550247116969,31.795716639209225,4.695222405271829
Strong Allies,2.6315789473684212,0.0,14.003759398496241,0.0,0.5639097744360902,0.0,42.10526315789474,34.49248120300752,6.203007518796992
Strong Allies,42.773892773892776,0.0,14.918414918414918,0.0,0.9324009324009324,0.0,7.3426573426573425,3.0303030303030303,31.002331002331
Strong Allies,43.15403422982885,0.0,22.371638141809292,0.0,0.12224938875305623,0.0,6.47921760391198,0.6112469437652812,27.26161369193154
Strong Allies,0.7861635220125787,0.4716981132075472,15.880503144654089,0.0,0.4716981132075472,0.0,52.9874213836478,28.537735849056602,0.8647798742138365
Strong Allies,0.0,0.1364256480218281,25.716234652114597,0.0,1.159618008185539,0.0,44.40654843110505,27.694406548431104,0.8867667121418826
Strong Allies,45.57739557739558,0.0,4.545454545454546,0.0,1.2285012285012284,0.0,7.73955773955774,3.3169533169533167,37.59213759213759
Strong Allies,45.60375146541618,0.0,6.56506447831184,0.0,1.4067995310668229,0.0,8.675263774912075,1.5240328253223916,36.225087924970694
Strong Allies,0.8975317875841436,0.0,21.39117427075542,0.14958863126402394,1.5706806282722514,0.0,45.54973821989529,29.768137621540763,0.6731488406881077
Strong Allies,11.47919876733436,0.0,21.64869029275809,0.0,0.07704160246533127,0.0,36.67180277349769,19.26040061633282,10.862865947611711
Strong Allies,46.35036496350365,0.0,7.177615571776156,0.0,0.851581508515815,0.0,10.340632603406325,2.18978102189781,33.09002433090024
Strong Allies,4.756980351602896,0.0,8.583247156153051,0.20682523267838676,0.10341261633919338,0.0,43.640124095139605,37.021716649431234,5.687693898655636
Strong Allies,1.1721611721611722,0.0,25.274725274725274,0.0,0.8058608058608059,0.0,41.904761904761905,28.571428571428573,2.271062271062271
Strong Allies,0.0,0.0,13.27503974562798,0.0,3.0206677265500796,0.0,51.11287758346582,31.08108108108108,1.5103338632750398
Strong Allies,6.682206682206682,0.0,23.853923853923853,0.0,0.0,0.0,39.47163947163947,25.174825174825173,4.817404817404817
Strong Allies,7.2562358276643995,0.22675736961451248,9.977324263038549,0.3401360544217687,0.5668934240362812,0.0,43.42403628117914,36.054421768707485,2.1541950113378685
Strong Allies,41.964285714285715,0.0,18.75,0.0,0.22321428571428573,0.0,14.285714285714286,0.5580357142857143,24.21875
Strong Allies,4.384615384615385,0.23076923076923078,13.615384615384615,0.0,0.15384615384615385,0.0,53.15384615384615,27.692307692307693,0.7692307692307693
Strong Allies,35.79175704989154,0.10845986984815618,2.819956616052061,0.10845986984815618,0.9761388286334056,0.0,13.882863340563992,8.676789587852495,37.635574837310195
Strong Allies,28.52852852852853,0.0,9.60960960960961,0.0,0.5005005005005005,0.0,24.424424424424423,9.10910910910911,27.82782782782783
Strong Allies,9.12280701754386,0.0,9.35672514619883,0.0,0.0,0.0,37.89473684210526,40.35087719298246,3.2748538011695905
Strong Allies,43.96751740139211,0.23201856148491878,12.993039443155453,0.0,0.11600928074245939,0.0,7.888631090487239,1.740139211136891,33.06264501160093
Strong Allies,12.560777957860616,0.0,17.3419773095624,0.0,0.8914100486223663,0.0,38.573743922204216,19.692058346839545,10.94003241491086
Strong Allies,0.0,0.0,25.34001431639227,0.0,0.35790980672870437,0.0,44.38081603435934,27.91696492483894,2.0042949176807445
Strong Allies,46.50887573964497,0.0,6.863905325443787,0.0,0.0,0.0,5.443786982248521,0.35502958579881655,40.828402366863905
Strong Allies,41.82015167930661,0.0,9.317443120260021,0.0,0.9750812567713976,0.0,15.059588299024918,1.6251354279523293,31.202600216684722
Strong Allies,40.714285714285715,0.35714285714285715,3.5714285714285716,0.0,1.0714285714285714,0.0,9.285714285714286,5.476190476190476,39.523809523809526
Strong Allies,4.961089494163424,0.0,20.525291828793776,0.09727626459143969,0.5836575875486382,0.0,37.7431906614786,33.463035019455255,2.6264591439688716
Strong Allies,32.33458177278402,0.12484394506866417,12.484394506866417,0.8739076154806492,0.24968789013732834,0.0,21.722846441947567,13.48314606741573,18.726591760299627
Strong Allies,11.419508326724822,0.07930214115781126,25.29738302934179,0.0,0.0,0.0,35.84456780333069,22.12529738302934,5.233941316415543
Strong Allies,37.00440528634361,0.0,4.73568281938326,0.0,0.7709251101321586,0.0,12.444933920704846,7.158590308370044,37.88546255506608
Strong Allies,8.735632183908047,0.0,23.371647509578544,0.07662835249042145,0.0,0.0,40.842911877394634,23.448275862068964,3.524904214559387
Strong Allies,0.0,0.0,16.30123927550048,0.0,1.1439466158245948,0.0,38.70352716873212,37.08293612964728,6.768350810295519
Strong Allies,46.32701421800948,0.7109004739336493,12.796208530805687,0.0,0.35545023696682465,0.0,4.38388625592417,0.0,35.426540284360186
Strong Allies,34.83870967741935,0.12903225806451613,2.3225806451612905,0.0,0.25806451612903225,0.0,16.903225806451612,16.258064516129032,29.29032258064516
Strong Allies,8.958333333333334,0.4166666666666667,19.479166666666668,0.0,0.3125,0.0,37.1875,31.770833333333332,1.875
Strong Allies,43.58024691358025,0.0,17.65432098765432,0.0,0.0,0.0,7.037037037037037,1.6049382716049383,30.123456790123456
Strong Allies,0.07974481658692185,0.23923444976076555,19.138755980861244,0.0,1.9936204146730463,0.0,44.01913875598086,32.29665071770335,2.2328548644338118
Strong Allies,45.64958283671037,0.3575685339690107,4.64839094159714,0.0,2.502979737783075,0.0,8.104886769964244,1.1918951132300357,37.54469606674613
Strong Allies,0.40387722132471726,0.08077544426494346,14.862681744749596,0.0,2.1809369951534734,0.0,49.4345718901454,30.8562197092084,2.1809369951534734
Strong Allies,0.3872216844143272,0.0,11.035818005808325,0.0,0.0,0.0,45.98257502420135,36.78606001936108,5.808325266214908
Strong Allies,4.3343653250774,0.20639834881320948,16.615067079463365,0.10319917440660474,0.7223942208462333,0.0,41.795665634674926,33.952528379772964,2.2703818369453046
Strong Allies,0.32786885245901637,0.0,14.01639344262295,0.0,0.0,0.0,51.14754098360656,32.459016393442624,2.0491803278688523
Strong Allies,7.786526684164479,0.0,31.146106736657917,0.0,0.6124234470691163,0.0,31.146106736657917,25.89676290463692,3.4120734908136483
Strong Allies,0.10020040080160321,0.30060120240480964,9.519038076152304,0.0,0.0,0.0,48.19639278557114,39.879759519038075,2.004008016032064
Strong Allies,0.0,0.4048582995951417,29.39271255060729,0.0,1.94331983805668,0.0,36.35627530364373,30.12145748987854,1.7813765182186234
Strong Allies,0.25252525252525254,0.5892255892255892,8.585858585858587,0.0,0.0,0.0,52.861952861952865,35.437710437710436,2.272727272727273
Strong Allies,0.17286084701815038,0.17286084701815038,15.557476231633535,0.0,0.6050129645635264,0.0,47.96888504753673,33.88072601555748,1.6421780466724287
Strong Allies,41.93181818181818,0.22727272727272727,10.0,0.0,0.9090909090909091,0.0,8.977272727272727,1.1363636363636365,36.81818181818182
Strong Allies,26.203208556149733,0.0,5.882352941176471,0.6684491978609626,0.0,0.0,29.946524064171122,23.262032085561497,14.037433155080214
Strong Allies,21.49805447470817,0.0,17.120622568093385,0.0,0.5836575875486382,0.0,22.859922178988327,17.412451361867703,20.525291828793776
Strong Allies,0.0,0.1530221882172915,26.47283856159143,0.0,1.4537107880642692,0.0,41.31599081866871,29.839326702371842,0.7651109410864575
Strong Allies,2.8029678483099754,0.16488046166529266,28.359439406430337,0.0,0.989282769991756,0.0,33.388293487221766,28.854080791426217,5.441055234954658
Strong Allies,0.38284839203675347,0.30627871362940273,11.944869831546708,0.0,1.6079632465543645,0.0,48.39203675344564,29.632465543644717,7.73353751914242
Strong Allies,40.53030303030303,0.12626262626262627,3.409090909090909,0.0,0.7575757575757576,0.0,11.11111111111111,7.070707070707071,36.994949494949495
Strong Allies,51.02040816326531,0.0,5.97667638483965,0.43731778425655976,0.0,0.0,11.51603498542274,5.1020408163265305,25.94752186588921
Strong Allies,37.9583746283449,0.5946481665014867,16.55104063429138,0.0,0.39643211100099107,0.0,22.001982160555006,1.5857284440039643,20.911793855302278
Strong Allies,50.774731823599524,0.23837902264600716,14.064362336114423,0.0,0.0,0.0,5.125148986889154,0.0,29.797377830750893
Strong Allies,48.07467911318553,0.0,31.738623103850642,0.0,0.11668611435239207,0.0,3.8506417736289382,0.11668611435239207,16.102683780630105
Strong Allies,45.92696629213483,0.0,8.286516853932584,0.5617977528089888,0.5617977528089888,0.0,16.99438202247191,11.095505617977528,16.573033707865168
Strong Allies,3.1759656652360513,0.34334763948497854,23.605150214592275,0.0,1.1158798283261802,0.0,38.96995708154506,30.72961373390558,2.060085836909871
Strong Allies,16.751918158567776,0.639386189258312,7.928388746803069,0.5115089514066496,0.1278772378516624,0.0,39.514066496163686,29.28388746803069,5.242966751918159
Strong Allies,30.160692212608158,0.37082818294190356,5.438813349814586,0.12360939431396786,0.0,0.0,22.126081582200246,16.440049443757726,25.339925834363413
Strong Allies,36.19489559164733,0.0,13.22505800464037,0.0,0.9280742459396751,0.0,16.357308584686773,8.584686774941995,24.709976798143853
Strong Allies,45.588235294117645,0.26737967914438504,5.080213903743315,0.26737967914438504,0.40106951871657753,0.0,13.502673796791443,5.481283422459893,29.41176470588235
Strong Allies,0.08183306055646482,0.32733224222585927,18.821603927986907,0.0,2.2913256955810146,0.0,40.752864157119475,33.387888707037646,4.337152209492635
Strong Allies,27.510917030567686,0.0,12.314410480349345,0.0,0.7860262008733624,0.0,29.25764192139738,10.655021834061136,19.475982532751093
Strong Allies,11.528497409326425,0.0,4.1450777202072535,0.0,0.0,0.0,36.78756476683938,40.02590673575129,7.512953367875648
Strong Allies,0.09523809523809523,0.0,15.333333333333334,0.0,0.47619047619047616,0.0,40.57142857142857,37.04761904761905,6.476190476190476
Strong Allies,0.06635700066357,0.26542800265428,24.021234240212344,0.06635700066357,1.1280690112806901,0.0,47.378898473788986,26.211015262110152,0.8626410086264101
Strong Allies,0.32310177705977383,0.24232633279483037,21.567043618739902,0.0,1.1308562197092085,0.0,44.507269789983845,30.21001615508885,2.0193861066235863
Strong Allies,24.698795180722893,0.7028112449799196,17.771084337349397,0.0,0.10040160642570281,0.0,20.481927710843372,14.959839357429718,21.285140562248998
Strong Allies,0.7358953393295176,0.1635322976287817,22.07686017988553,0.0,0.6541291905151267,0.0,41.53720359771055,32.134096484055604,2.6982829108748976
Strong Allies,11.577868852459016,0.4098360655737705,14.241803278688524,0.0,0.6147540983606558,0.0,38.83196721311475,29.098360655737704,5.225409836065574
Strong Allies,42.208462332301345,0.20639834881320948,5.2631578947368425,0.0,1.0319917440660475,0.0,16.202270381836946,0.7223942208462333,34.36532507739938
Strong Allies,0.0,0.33178500331785005,24.95023224950232,0.0,0.26542800265428,0.0,47.378898473788986,25.945587259455873,1.1280690112806901
Strong Allies,44.02439024390244,0.36585365853658536,21.21951219512195,0.0,0.24390243902439024,0.0,6.097560975609756,3.5365853658536586,24.51219512195122
Strong Allies,43.044619422572175,0.13123359580052493,9.84251968503937,0.0,0.5249343832020997,0.0,13.779527559055119,10.236220472440944,22.440944881889763
Strong Allies,42.5260718424102,0.23174971031286212,3.939745075318656,0.23174971031286212,1.0428736964078795,0.0,10.428736964078794,3.707995365005794,37.89107763615296
Strong Allies,1.1801730920535012,0.3933910306845004,19.27616050354052,0.0,1.5735641227380015,0.0,46.10542879622344,30.13375295043273,1.3375295043273014
Strong Allies,38.26173826173826,0.0999000999000999,1.898101898101898,0.0,1.2987012987012987,0.0,22.677322677322678,0.0,35.764235764235764
Strong Allies,0.0,0.0,0.0,0.0,0.0,0.0,0.0,0.0,0.0
Strong Allies,16.472506989748368,0.16260872941907425,16.29436548617583,0.09028424976700838,0.6528619136377757,0.0,32.17711245728487,21.873543802423114,12.276716371543957
Strong Allies,16.47266690613259,0.16309571194190683,16.294038269243835,0.09028512625355557,0.6523828477676273,0.0,32.17742483520537,21.8732707485899,12.276835554865201
Strong Allies,21.342577161522566,0.2813145790280648,14.405706286247582,0.6546230251316578,0.9319378708086127,0.0,27.070195320311978,21.13459102726485,14.179054729684687
Strong Allies,0.0,0.0,37.77777777777778,0.0,0.0,0.0,53.333333333333336,0.0,8.88888888888889
Strong Allies,17.685411572942137,0.36674816625916873,15.362673186634067,2.6894865525672373,1.5484922575387123,0.0,30.317848410757946,17.440912795436024,14.588427057864712
